{"type":"FeatureCollection","features":[{"type":"Feature","id":"way/25059102","properties":{"addr:city":"Puerto de la Cruz","addr:postcode":"38400","addr:street":"Avenida Loro Parque","area":"yes","barrier":"wall","internet_access":"wlan","name":"Loro Parque","name:es":"Loro Parque","name:ru":"Лоро-парк","nohousenumber":"yes","opening_hours":"08:30-18:45","operator":"Loro Parque SA","tourism":"zoo","website":"https://www.loroparque.com/","wheelchair":"yes","wheelchair:description":"Mehrfach Rollstuhl-Toiletten vorhanden;E-Mobile zum Ausleihen;alle Attraktionen über Wege erreichbar (Abstriche bei der Treetop-Attraktion);ausgewiesene Rollstuhlplätze bei der Orca-Show","wikidata":"Q1870391","wikipedia":"es:Loro Parque","id":"way/25059102"},"geometry":{"type":"Polygon","coordinates":[[[-16.5625929,28.4077417],[-16.5632414,28.4099224],[-16.5632941,28.4101047],[-16.5642819,28.4102741],[-16.5643744,28.4102752],[-16.5644313,28.4102273],[-16.5645217,28.4101512],[-16.5646837,28.4100311],[-16.5646573,28.409968],[-16.5649127,28.4098828],[-16.5648073,28.4095722],[-16.564809,28.4095149],[-16.5648713,28.409367],[-16.5648319,28.4089858],[-16.5647747,28.4089626],[-16.5647744,28.4088755],[-16.564914,28.408854],[-16.56492,28.408874],[-16.5656911,28.4086547],[-16.565911,28.4085922],[-16.566107,28.409186],[-16.566246,28.4091297],[-16.5662867,28.40911],[-16.5663484,28.4090804],[-16.5664245,28.409037],[-16.5664475,28.4090301],[-16.5665699,28.4089932],[-16.5669998,28.4088589],[-16.5670963,28.408791],[-16.567205,28.4086042],[-16.5670794,28.4083027],[-16.5667249,28.4084098],[-16.5666104,28.4084192],[-16.5663897,28.4084814],[-16.5659654,28.4073507],[-16.5658633,28.4071703],[-16.5656744,28.4070669],[-16.5655127,28.4069863],[-16.5654287,28.4069626],[-16.5653464,28.4069503],[-16.5652116,28.4069426],[-16.5650829,28.4069637],[-16.564967,28.407003],[-16.5645258,28.4071763],[-16.5641023,28.4073306],[-16.5639006,28.4073781],[-16.5636295,28.4074404],[-16.5631421,28.4075572],[-16.5626919,28.4076956],[-16.5625929,28.4077417]]]}},{"type":"Feature","id":"way/25349361","properties":{"animal_keeping":"Bottlenose Dolphin","leisure":"swimming_pool","man_made":"yes","name":"Delfinario","name:en":"Dolphinarium","name:fr":"Dauphinarium","name:ru":"Дельфинарий","id":"way/25349361"},"geometry":{"type":"Polygon","coordinates":[[[-16.5637476,28.4085542],[-16.5637404,28.4085372],[-16.5637285,28.4085204],[-16.5637151,28.4085079],[-16.5636954,28.4084962],[-16.5636755,28.4084892],[-16.5636518,28.4084849],[-16.5636364,28.4084831],[-16.5636095,28.4084828],[-16.5635755,28.4084867],[-16.5635526,28.4084921],[-16.5635319,28.4084993],[-16.5635036,28.4085133],[-16.5634818,28.4085247],[-16.5634588,28.4085391],[-16.563442,28.4085537],[-16.5634242,28.4085723],[-16.5634091,28.4085907],[-16.5633981,28.4086052],[-16.5633883,28.4086225],[-16.5633779,28.4086433],[-16.5633738,28.4086625],[-16.5633755,28.4086793],[-16.5633785,28.4086981],[-16.5633846,28.4087163],[-16.5633924,28.4087283],[-16.5634037,28.4087409],[-16.5634233,28.4087547],[-16.5634377,28.4087616],[-16.5634577,28.4087677],[-16.5634808,28.4087714],[-16.5635076,28.4087688],[-16.5635308,28.4087604],[-16.5635485,28.4087506],[-16.5635608,28.4087425],[-16.5635682,28.4087339],[-16.5635765,28.4087211],[-16.5635877,28.4087075],[-16.5635993,28.4086958],[-16.5636163,28.4086843],[-16.5636357,28.4086765],[-16.5636607,28.4086731],[-16.5636853,28.4086698],[-16.5637038,28.4086619],[-16.5637196,28.4086509],[-16.5637324,28.408638],[-16.5637427,28.4086226],[-16.5637486,28.4086087],[-16.5637523,28.4085905],[-16.5637516,28.4085694],[-16.5637476,28.4085542]]]}},{"type":"Feature","id":"way/25349363","properties":{"natural":"water","id":"way/25349363"},"geometry":{"type":"Polygon","coordinates":[[[-16.5631988,28.4085003],[-16.5632115,28.4084927],[-16.5632766,28.408454],[-16.5632997,28.4084856],[-16.5633204,28.4084745],[-16.563295,28.4084419],[-16.5633042,28.4084329],[-16.5633148,28.4084172],[-16.5633185,28.4083988],[-16.5633143,28.4083792],[-16.5633016,28.4083615],[-16.5632781,28.4083421],[-16.5632614,28.4083361],[-16.5632524,28.408334],[-16.5632434,28.4083321],[-16.5632298,28.4083344],[-16.5631065,28.4083833],[-16.5631013,28.4083879],[-16.5630956,28.4083944],[-16.5630801,28.4084198],[-16.563075,28.4084406],[-16.5630788,28.4084615],[-16.5630898,28.4084826],[-16.5631057,28.4084988],[-16.563128,28.4085108],[-16.5631507,28.4085143],[-16.5631709,28.4085098],[-16.5631866,28.4085048],[-16.5631988,28.4085003]]]}},{"type":"Feature","id":"way/25425448","properties":{"access":"customers","amenity":"parking","charge":"7 EUR","fee":"yes","parking":"multi-storey","wheelchair":"limited","id":"way/25425448"},"geometry":{"type":"Polygon","coordinates":[[[-16.5665699,28.4089932],[-16.5669998,28.4088589],[-16.5670963,28.408791],[-16.567205,28.4086042],[-16.5670794,28.4083027],[-16.5663885,28.4085201],[-16.5665699,28.4089932]]]}},{"type":"Feature","id":"way/111802202","properties":{"landuse":"residential","id":"way/111802202"},"geometry":{"type":"Polygon","coordinates":[[[-16.5659654,28.4073507],[-16.5663897,28.4084814],[-16.5666104,28.4084192],[-16.5662217,28.4073864],[-16.5665071,28.4073377],[-16.5669749,28.4075616],[-16.5675281,28.4072923],[-16.5677971,28.4076861],[-16.5683615,28.407404],[-16.5681367,28.4070132],[-16.5682063,28.4069803],[-16.5677416,28.4059742],[-16.5673513,28.4045973],[-16.5668181,28.4047696],[-16.5666233,28.4050087],[-16.5665179,28.4050675],[-16.5663491,28.4051333],[-16.5663151,28.4051901],[-16.566341,28.4054924],[-16.5663668,28.4056205],[-16.5663885,28.4056673],[-16.5665149,28.4056973],[-16.5666355,28.4058326],[-16.5665689,28.4059197],[-16.5663416,28.4059125],[-16.5660985,28.4059761],[-16.565844,28.4059838],[-16.5658376,28.4061989],[-16.5660174,28.406215],[-16.5660069,28.4065194],[-16.5656504,28.4064712],[-16.5657081,28.4066356],[-16.56581,28.4069314],[-16.5657901,28.4069848],[-16.5659654,28.4073507]]]}},{"type":"Feature","id":"way/216263943","properties":{"building":"yes","id":"way/216263943"},"geometry":{"type":"Polygon","coordinates":[[[-16.5643016,28.4097515],[-16.5642696,28.4096685],[-16.5642227,28.4096816],[-16.5642084,28.4096428],[-16.564233,28.4096338],[-16.5641952,28.4095362],[-16.5640717,28.4095714],[-16.5640551,28.4095639],[-16.5640208,28.4095729],[-16.56401,28.40959],[-16.5639831,28.4095966],[-16.5640649,28.4098204],[-16.5643016,28.4097515]]]}},{"type":"Feature","id":"way/216263944","properties":{"amenity":"restaurant","building":"yes","building:levels":"1","cuisine":"american;burger;friture;hot_dog","name":"Patio del Loro","opening_hours":"Mo-Su 10:00-17:30","wheelchair":"limited","id":"way/216263944"},"geometry":{"type":"Polygon","coordinates":[[[-16.5639769,28.4099435],[-16.563906,28.4098244],[-16.5639168,28.409822],[-16.5638678,28.4097206],[-16.5637916,28.4097355],[-16.5638229,28.4098384],[-16.5638058,28.4098449],[-16.5637931,28.4097883],[-16.5637777,28.4097793],[-16.5636241,28.4098183],[-16.5636461,28.4098968],[-16.5637031,28.4098904],[-16.5637182,28.4099534],[-16.5638953,28.4099359],[-16.5638988,28.4099544],[-16.5639769,28.4099435]]]}},{"type":"Feature","id":"way/216263945","properties":{"building":"yes","id":"way/216263945"},"geometry":{"type":"Polygon","coordinates":[[[-16.564309,28.4097711],[-16.5642779,28.4097804],[-16.564301,28.4098402],[-16.5643321,28.4098309],[-16.564309,28.4097711]]]}},{"type":"Feature","id":"way/216263946","properties":{"building":"yes","id":"way/216263946"},"geometry":{"type":"Polygon","coordinates":[[[-16.5638897,28.4096095],[-16.5638392,28.4095255],[-16.5638222,28.4094996],[-16.5639447,28.4094405],[-16.5639249,28.4094092],[-16.5637624,28.4094818],[-16.5638469,28.4096333],[-16.5638897,28.4096095]]]}},{"type":"Feature","id":"way/216263947","properties":{"building":"yes","id":"way/216263947"},"geometry":{"type":"Polygon","coordinates":[[[-16.5642088,28.409368],[-16.564035,28.4091412],[-16.5639063,28.4091568],[-16.5639864,28.4093062],[-16.5640573,28.40937],[-16.5640316,28.4094379],[-16.5640933,28.409455],[-16.5641139,28.4094017],[-16.5642088,28.409368]]]}},{"type":"Feature","id":"way/271988105","properties":{"building":"yes","image":"https://photos.app.goo.gl/3cv8fWHJwg2aTXcS7","id":"way/271988105"},"geometry":{"type":"Polygon","coordinates":[[[-16.5642446,28.4086497],[-16.5642393,28.408652],[-16.5642103,28.4086643],[-16.5640005,28.4087535],[-16.5639792,28.4088264],[-16.5640367,28.4089222],[-16.5640971,28.408934],[-16.564307,28.4088502],[-16.5643371,28.4088382],[-16.5643452,28.4088349],[-16.5642446,28.4086497]]]}},{"type":"Feature","id":"way/271988106","properties":{"amenity":"fountain","image":"https://photos.app.goo.gl/3cv8fWHJwg2aTXcS7","natural":"water","water":"pond","id":"way/271988106"},"geometry":{"type":"Polygon","coordinates":[[[-16.5639895,28.4089048],[-16.5639689,28.4088644],[-16.5639091,28.4088879],[-16.5639297,28.4089283],[-16.5639839,28.408907],[-16.5639895,28.4089048]]]}},{"type":"Feature","id":"way/271988391","properties":{"building":"yes","id":"way/271988391"},"geometry":{"type":"Polygon","coordinates":[[[-16.5639612,28.4080497],[-16.5639691,28.4079823],[-16.5638954,28.4079756],[-16.5638875,28.4080431],[-16.5639612,28.4080497]]]}},{"type":"Feature","id":"way/271989086","properties":{"building":"yes","id":"way/271989086"},"geometry":{"type":"Polygon","coordinates":[[[-16.5643865,28.4089542],[-16.5643499,28.4088866],[-16.5642786,28.4089164],[-16.5643152,28.408984],[-16.5643865,28.4089542]]]}},{"type":"Feature","id":"way/271989087","properties":{"building":"yes","id":"way/271989087"},"geometry":{"type":"Polygon","coordinates":[[[-16.5643573,28.4090785],[-16.5643509,28.4090314],[-16.5642294,28.409044],[-16.5642357,28.4090911],[-16.5643573,28.4090785]]]}},{"type":"Feature","id":"way/271989088","properties":{"building":"yes","id":"way/271989088"},"geometry":{"type":"Polygon","coordinates":[[[-16.5645042,28.4088985],[-16.5644345,28.4089185],[-16.5644655,28.4089755],[-16.5644922,28.4090247],[-16.5645632,28.4089976],[-16.5645334,28.4089475],[-16.5645042,28.4088985]]]}},{"type":"Feature","id":"way/271990022","properties":{"building":"roof","id":"way/271990022"},"geometry":{"type":"Polygon","coordinates":[[[-16.5648773,28.4076918],[-16.5648445,28.4077022],[-16.5647719,28.4077008],[-16.5647129,28.4077161],[-16.5646579,28.4077291],[-16.5646021,28.4077549],[-16.5645837,28.4077817],[-16.5645527,28.4078123],[-16.5645501,28.4078388],[-16.5645306,28.4078781],[-16.5645377,28.4079112],[-16.56453,28.4079465],[-16.5645507,28.407983],[-16.5645628,28.4080222],[-16.5645823,28.4080217],[-16.5645897,28.408029],[-16.5645984,28.4080255],[-16.5646133,28.4080057],[-16.5646317,28.4079883],[-16.5646587,28.4079707],[-16.5646598,28.4079616],[-16.5646673,28.4079573],[-16.5646735,28.4079472],[-16.5646855,28.4079359],[-16.5646942,28.407919],[-16.5647075,28.4079059],[-16.5647168,28.4078906],[-16.5647307,28.4078776],[-16.5647401,28.4078631],[-16.5647529,28.407852],[-16.5647624,28.4078379],[-16.5647774,28.4078271],[-16.5647865,28.4078135],[-16.5648007,28.4078036],[-16.5648076,28.4077926],[-16.5648159,28.4077858],[-16.5648188,28.4077782],[-16.5648269,28.4077754],[-16.5648328,28.4077608],[-16.5648466,28.4077358],[-16.5648762,28.4076965],[-16.5648773,28.4076918]]]}},{"type":"Feature","id":"way/271990023","properties":{"building":"roof","id":"way/271990023"},"geometry":{"type":"Polygon","coordinates":[[[-16.564916,28.4077046],[-16.5649001,28.4077251],[-16.5648703,28.4077544],[-16.5648511,28.4077686],[-16.5648319,28.4077784],[-16.5648347,28.4077832],[-16.5648347,28.4077873],[-16.5648336,28.4077915],[-16.5648305,28.4077944],[-16.564826,28.4077953],[-16.5648218,28.4077944],[-16.564819,28.4077928],[-16.5648113,28.4078003],[-16.5648021,28.4078042],[-16.5647923,28.407819],[-16.5647784,28.4078281],[-16.5647681,28.4078426],[-16.5647541,28.4078531],[-16.5647463,28.4078667],[-16.5647317,28.4078788],[-16.5647226,28.4078954],[-16.5647085,28.4079073],[-16.5647012,28.4079239],[-16.5646866,28.4079371],[-16.5646832,28.407948],[-16.5646759,28.407958],[-16.564679,28.4079622],[-16.5646797,28.407965],[-16.5646794,28.407969],[-16.5646779,28.4079726],[-16.5646746,28.4079754],[-16.5646693,28.4079772],[-16.5646649,28.4079768],[-16.564662,28.4079755],[-16.5646568,28.4079939],[-16.5646454,28.4080189],[-16.5646324,28.4080403],[-16.5646048,28.4080738],[-16.564658,28.4080573],[-16.5646849,28.4080513],[-16.5647063,28.4080487],[-16.5647242,28.4080479],[-16.5647435,28.4080499],[-16.5647591,28.408052],[-16.5647709,28.4080554],[-16.5647859,28.4080632],[-16.5647873,28.4080624],[-16.5647829,28.4080575],[-16.5647658,28.4080415],[-16.5647554,28.4080283],[-16.5647461,28.4080121],[-16.5647387,28.4079935],[-16.5647344,28.4079746],[-16.5647334,28.4079547],[-16.5647362,28.4079317],[-16.5647431,28.4079123],[-16.5647527,28.4078948],[-16.5647678,28.4078761],[-16.5647832,28.4078636],[-16.5647965,28.4078553],[-16.5648123,28.4078487],[-16.5648292,28.4078451],[-16.5648545,28.4078431],[-16.5648773,28.4078465],[-16.5649005,28.4078533],[-16.5649142,28.40786],[-16.5649186,28.4078621],[-16.5649331,28.4078709],[-16.5649353,28.4078681],[-16.5649236,28.4078469],[-16.5649169,28.4078307],[-16.5649092,28.4078041],[-16.5649059,28.4077778],[-16.5649069,28.4077456],[-16.564916,28.4077046]]]}},{"type":"Feature","id":"way/271990024","properties":{"natural":"water","id":"way/271990024"},"geometry":{"type":"Polygon","coordinates":[[[-16.5649501,28.4078502],[-16.564944,28.4078554],[-16.56494,28.4078621],[-16.5649386,28.4078695],[-16.5649202,28.4078762],[-16.5649184,28.4078853],[-16.5649402,28.4078777],[-16.5649448,28.4078848],[-16.5649519,28.4078902],[-16.5649607,28.4078931],[-16.5649701,28.4078932],[-16.5649789,28.4078904],[-16.5649861,28.4078852],[-16.5649909,28.4078781],[-16.5649926,28.4078707],[-16.5649917,28.4078633],[-16.5649881,28.4078564],[-16.5649822,28.4078509],[-16.5649747,28.4078473],[-16.5649663,28.4078459],[-16.5649578,28.4078469],[-16.5649501,28.4078502]]]}},{"type":"Feature","id":"way/271990025","properties":{"natural":"water","id":"way/271990025"},"geometry":{"type":"Polygon","coordinates":[[[-16.564922,28.4078676],[-16.5649119,28.4078602],[-16.5648903,28.407853],[-16.5648792,28.4078499],[-16.5648726,28.4078536],[-16.5648498,28.4078838],[-16.5648238,28.4078688],[-16.5648052,28.4078633],[-16.5647868,28.4078648],[-16.5647721,28.4078756],[-16.5647583,28.4078915],[-16.5647501,28.4079044],[-16.5647438,28.407917],[-16.564739,28.4079306],[-16.5647364,28.4079463],[-16.5647359,28.4079593],[-16.5647364,28.4079735],[-16.564739,28.4079887],[-16.5647437,28.4080028],[-16.5647497,28.408016],[-16.5647566,28.4080279],[-16.5647641,28.4080377],[-16.564769,28.4080431],[-16.564771,28.4080449],[-16.5647735,28.4080458],[-16.5647854,28.4080388],[-16.5648001,28.4079835],[-16.5648052,28.4079807],[-16.5648181,28.4079757],[-16.5648288,28.4079648],[-16.56482,28.4079591],[-16.5648095,28.4079683],[-16.564781,28.4079661],[-16.5647563,28.4079469],[-16.5647555,28.4079454],[-16.5647558,28.4079437],[-16.5647661,28.407929],[-16.5647754,28.4079196],[-16.5647919,28.4079096],[-16.5648124,28.4079037],[-16.5648174,28.4079026],[-16.5648308,28.4079216],[-16.5648253,28.4079522],[-16.564835,28.4079588],[-16.564845,28.4079502],[-16.5648541,28.4079237],[-16.5648846,28.4079151],[-16.5648895,28.4079095],[-16.5648941,28.4079023],[-16.5648988,28.4078981],[-16.5649165,28.4078946],[-16.5649184,28.4078853],[-16.5649202,28.4078762],[-16.564922,28.4078676]]]}},{"type":"Feature","id":"way/271990190","properties":{"building":"yes","id":"way/271990190"},"geometry":{"type":"Polygon","coordinates":[[[-16.565075,28.4073858],[-16.5650682,28.407341],[-16.5650083,28.4072504],[-16.5649926,28.4072345],[-16.564964,28.4072093],[-16.5649518,28.4072244],[-16.5648795,28.4072],[-16.5647357,28.4072218],[-16.564623,28.4072832],[-16.5644058,28.407361],[-16.5643535,28.4074023],[-16.5643454,28.4074601],[-16.564391,28.4075356],[-16.5644608,28.4075852],[-16.5645332,28.4075911],[-16.5646405,28.4075639],[-16.5647719,28.4075203],[-16.5648336,28.4074566],[-16.5648658,28.4074507],[-16.564906,28.407407],[-16.565075,28.4073858]]]}},{"type":"Feature","id":"way/271990808","properties":{"building":"yes","id":"way/271990808"},"geometry":{"type":"Polygon","coordinates":[[[-16.5638775,28.4078474],[-16.5638969,28.4078167],[-16.5638257,28.4076503],[-16.5638134,28.407655],[-16.5636769,28.4077032],[-16.5636829,28.4077156],[-16.5637664,28.4078863],[-16.5638775,28.4078474]]]}},{"type":"Feature","id":"way/271990809","properties":{"building":"yes","id":"way/271990809"},"geometry":{"type":"Polygon","coordinates":[[[-16.5638134,28.407655],[-16.5637619,28.4075299],[-16.5634869,28.4075943],[-16.563452,28.4075999],[-16.5634523,28.4075974],[-16.5633863,28.4075897],[-16.5633775,28.4076273],[-16.5634446,28.4076376],[-16.5635159,28.4076535],[-16.563579,28.4076821],[-16.5636135,28.4076992],[-16.5636475,28.4077289],[-16.5636829,28.4077156],[-16.5636769,28.4077032],[-16.5638134,28.407655]]]}},{"type":"Feature","id":"way/271990810","properties":{"building":"yes","id":"way/271990810"},"geometry":{"type":"Polygon","coordinates":[[[-16.5641615,28.4075986],[-16.5641025,28.4074771],[-16.5640153,28.4075066],[-16.5640743,28.4076269],[-16.5641615,28.4075986]]]}},{"type":"Feature","id":"way/271990811","properties":{"building":"yes","id":"way/271990811"},"geometry":{"type":"Polygon","coordinates":[[[-16.5639764,28.4075349],[-16.5639576,28.4074971],[-16.5638664,28.4075372],[-16.5638852,28.4075703],[-16.5639764,28.4075349]]]}},{"type":"Feature","id":"way/271990812","properties":{"building":"yes","id":"way/271990812"},"geometry":{"type":"Polygon","coordinates":[[[-16.5640663,28.4077024],[-16.5640488,28.4076658],[-16.563971,28.4076918],[-16.5639871,28.4077271],[-16.5640663,28.4077024]]]}},{"type":"Feature","id":"way/271990813","properties":{"building":"yes","id":"way/271990813"},"geometry":{"type":"Polygon","coordinates":[[[-16.5640341,28.4076634],[-16.5640207,28.4076351],[-16.563971,28.407654],[-16.5639617,28.407634],[-16.5639214,28.4076399],[-16.5639496,28.4076941],[-16.564022,28.407667],[-16.5640341,28.4076634]]]}},{"type":"Feature","id":"way/271991482","properties":{"access":"private","amenity":"parking","bus":"yes","fee":"no","parking":"surface","id":"way/271991482"},"geometry":{"type":"Polygon","coordinates":[[[-16.5664645,28.4088987],[-16.5663169,28.4084516],[-16.5662466,28.4084222],[-16.5661886,28.4085303],[-16.566049,28.4085899],[-16.565972,28.4087091],[-16.5661096,28.4091359],[-16.5661399,28.4091501],[-16.5661637,28.4091312],[-16.5662283,28.4090213],[-16.5663471,28.4089317],[-16.5664645,28.4088987]]]}},{"type":"Feature","id":"way/271991484","properties":{"building":"retail","building:levels":"2","image":"https://photos.app.goo.gl/6BVHcmhj6J8qU5Ac8","nohousenumber":"yes","shop":"ticket","id":"way/271991484"},"geometry":{"type":"Polygon","coordinates":[[[-16.5659837,28.4081588],[-16.5659639,28.4081091],[-16.5659226,28.4080053],[-16.5658741,28.4080202],[-16.5658093,28.4080402],[-16.5658703,28.4081936],[-16.565935,28.4081738],[-16.5659837,28.4081588]]]}},{"type":"Feature","id":"way/271991485","properties":{"building":"yes","fee":"no","name":"Museo de la Porcelena","name:en":"Porcelain Museum","name:fr":"Musée de la porcelaine","opening_hours":"Mo-Su 09:30-17:30","toilets:wheelchair":"yes","tourism":"museum","wheelchair":"yes","id":"way/271991485"},"geometry":{"type":"Polygon","coordinates":[[[-16.5657631,28.4080245],[-16.5657282,28.407929],[-16.5656156,28.4079608],[-16.5656505,28.4080563],[-16.5657631,28.4080245]]]}},{"type":"Feature","id":"way/271991486","properties":{"building":"retail","building:levels":"1","name":"Fotos","name:en":"Photos","name:fr":"Photos","nohousenumber":"yes","shop":"gift","wheelchair":"yes","id":"way/271991486"},"geometry":{"type":"Polygon","coordinates":[[[-16.5656455,28.408127],[-16.5656363,28.4081037],[-16.5656231,28.4080705],[-16.5655238,28.4081009],[-16.5655342,28.4081324],[-16.5655461,28.4081574],[-16.5656455,28.408127]]]}},{"type":"Feature","id":"way/271991487","properties":{"building":"yes","id":"way/271991487"},"geometry":{"type":"Polygon","coordinates":[[[-16.5658363,28.4081514],[-16.565806,28.4080797],[-16.5656565,28.4081285],[-16.5656867,28.4082002],[-16.5658363,28.4081514]]]}},{"type":"Feature","id":"way/271991488","properties":{"building":"yes","id":"way/271991488"},"geometry":{"type":"Polygon","coordinates":[[[-16.5660772,28.408076],[-16.5660088,28.4078952],[-16.5658956,28.4079283],[-16.5659639,28.4081091],[-16.5660772,28.408076]]]}},{"type":"Feature","id":"way/271991490","properties":{"building":"retail","building:levels":"1","nohousenumber":"yes","id":"way/271991490"},"geometry":{"type":"Polygon","coordinates":[[[-16.566028,28.4078833],[-16.5659973,28.4078084],[-16.5658874,28.4078432],[-16.5659181,28.4079182],[-16.566028,28.4078833]]]}},{"type":"Feature","id":"way/271991491","properties":{"natural":"water","water":"pond","id":"way/271991491"},"geometry":{"type":"Polygon","coordinates":[[[-16.5657949,28.4079224],[-16.5658379,28.407907],[-16.5658996,28.4078882],[-16.5658781,28.4078398],[-16.565984,28.4078044],[-16.5659706,28.407769],[-16.5659331,28.4077525],[-16.5658714,28.4077395],[-16.565807,28.4077277],[-16.565748,28.4077136],[-16.565681,28.40771],[-16.5656461,28.4077513],[-16.5655643,28.4077855],[-16.5655321,28.4078563],[-16.5655549,28.4079259],[-16.5655951,28.4079601],[-16.5656716,28.4079342],[-16.5657239,28.4079177],[-16.565744,28.4079342],[-16.5657949,28.4079224]]]}},{"type":"Feature","id":"way/389431283","properties":{"animal_keeping":"alligator","natural":"water","id":"way/389431283"},"geometry":{"type":"Polygon","coordinates":[[[-16.5649085,28.4088306],[-16.564925,28.408794],[-16.5648991,28.4087581],[-16.564872,28.4087448],[-16.5648472,28.4087424],[-16.5648237,28.4087463],[-16.5647583,28.4087878],[-16.5647198,28.4088182],[-16.5647064,28.4088445],[-16.5647288,28.4088719],[-16.5647771,28.4088695],[-16.5648469,28.4088436],[-16.5648831,28.4088459],[-16.5649085,28.4088306]]]}},{"type":"Feature","id":"way/389433365","properties":{"building":"yes","name":"Acuario","id":"way/389433365"},"geometry":{"type":"Polygon","coordinates":[[[-16.5654271,28.4082846],[-16.5653667,28.4081096],[-16.5651307,28.4081726],[-16.5651911,28.4083477],[-16.5654271,28.4082846]]]}},{"type":"Feature","id":"way/389436478","properties":{"amenity":"restaurant","building":"yes","name":"Casa Pepe","opening_hours":"Mo-Su 09:30-17:30","id":"way/389436478"},"geometry":{"type":"Polygon","coordinates":[[[-16.5648448,28.4086834],[-16.564794,28.4086065],[-16.5646559,28.408677],[-16.5647067,28.408754],[-16.5648448,28.4086834]]]}},{"type":"Feature","id":"way/389949227","properties":{"amenity":"cinema","building":"yes","name":"Naturavision Rio","name:fr":"Naturavision","id":"way/389949227"},"geometry":{"type":"Polygon","coordinates":[[[-16.5637022,28.4097865],[-16.5637357,28.4097487],[-16.5637357,28.4097122],[-16.5637009,28.4096803],[-16.5636459,28.4096603],[-16.5635171,28.4096921],[-16.5634742,28.4097192],[-16.5634474,28.4097546],[-16.563446,28.4097995],[-16.5634822,28.4098266],[-16.5635386,28.4098396],[-16.5637022,28.4097865]]]}},{"type":"Feature","id":"way/389953131","properties":{"natural":"water","id":"way/389953131"},"geometry":{"type":"Polygon","coordinates":[[[-16.5635654,28.4093506],[-16.5635788,28.4093046],[-16.5635493,28.4092597],[-16.5634715,28.4092515],[-16.5634058,28.4092692],[-16.5633616,28.4092987],[-16.5633562,28.4093364],[-16.563383,28.409373],[-16.5634286,28.4093942],[-16.5634769,28.4093942],[-16.5635654,28.4093506]]]}},{"type":"Feature","id":"way/389953579","properties":{"building":"retail","building:levels":"1","name":"Aqua Viva","nohousenumber":"yes","id":"way/389953579"},"geometry":{"type":"Polygon","coordinates":[[[-16.5629351,28.4085668],[-16.562864,28.408325],[-16.5628157,28.4082554],[-16.5627808,28.4082615],[-16.5627688,28.4082636],[-16.5628546,28.4085786],[-16.5628738,28.4085758],[-16.5629351,28.4085668]]]}},{"type":"Feature","id":"way/389953812","properties":{"attraction":"roller_coaster","fee":"1","name":"Montaña Rusa Orca Tren","name:en":"Orca-train roller-coaster","opening_hours":"10:00-18:00","tourism":"attraction","id":"way/389953812"},"geometry":{"type":"Polygon","coordinates":[[[-16.5631459,28.4090032],[-16.5630947,28.4088474],[-16.5630707,28.4088186],[-16.5630451,28.4088092],[-16.5630159,28.4088118],[-16.5629949,28.4088324],[-16.5629863,28.4088795],[-16.5629879,28.4089385],[-16.5630056,28.4090332],[-16.5630157,28.4090543],[-16.5630384,28.4090676],[-16.5630853,28.4090705],[-16.5631201,28.4090547],[-16.5631434,28.4090321],[-16.5631459,28.4090032]]]}},{"type":"Feature","id":"way/389954713","properties":{"building":"roof","id":"way/389954713"},"geometry":{"type":"Polygon","coordinates":[[[-16.5636609,28.4084658],[-16.5637616,28.4084836],[-16.5638006,28.4084416],[-16.5637374,28.4083833],[-16.5637314,28.4083633],[-16.5636324,28.4083588],[-16.5635387,28.408388],[-16.5634568,28.4084106],[-16.5633932,28.4084455],[-16.5633244,28.4084986],[-16.5632546,28.4085634],[-16.5632148,28.4086296],[-16.5631961,28.4087172],[-16.563231,28.4087508],[-16.5632551,28.4087362],[-16.563296,28.408721],[-16.5633361,28.4087209],[-16.5633487,28.4086718],[-16.5634116,28.4085754],[-16.5634841,28.4085184],[-16.5635594,28.4084847],[-16.5636609,28.4084658]]]}},{"type":"Feature","id":"way/389956716","properties":{"access":"yes","barrier":"wall","leisure":"playground","max_age":"10","name":"Kinderlandia","opening_hours":"Mo-Su 09:30-17:30","id":"way/389956716"},"geometry":{"type":"Polygon","coordinates":[[[-16.5634025,28.4089986],[-16.5634349,28.4089459],[-16.5634715,28.4088865],[-16.563383,28.4088534],[-16.56332,28.4088522],[-16.5632516,28.4088971],[-16.5632556,28.4089549],[-16.5634025,28.4089986]]]}},{"type":"Feature","id":"way/390128964","properties":{"building":"yes","name":"Hall Of Fame","id":"way/390128964"},"geometry":{"type":"Polygon","coordinates":[[[-16.5640889,28.4079257],[-16.5640548,28.4078793],[-16.5640091,28.4079053],[-16.5640432,28.4079517],[-16.5640889,28.4079257]]]}},{"type":"Feature","id":"way/390131507","properties":{"landuse":"forest","leaf_type":"broadleaved","name":"Palmeral","trees":"coconut_palms","id":"way/390131507"},"geometry":{"type":"Polygon","coordinates":[[[-16.5656121,28.4077308],[-16.5655477,28.4076222],[-16.5655397,28.4074783],[-16.5654833,28.4074288],[-16.5652256,28.4074589],[-16.5652205,28.4074595],[-16.564963,28.407509],[-16.5648986,28.4076388],[-16.564971,28.4077756],[-16.565036,28.4078962],[-16.5649444,28.4080233],[-16.5647968,28.4080894],[-16.5645393,28.4081202],[-16.5647011,28.4083799],[-16.5648221,28.4085425],[-16.564947,28.4084739],[-16.5649745,28.4083444],[-16.5650901,28.4082853],[-16.5650579,28.4081141],[-16.5653557,28.4080242],[-16.5654404,28.4079289],[-16.5655558,28.4077426],[-16.5656121,28.4077308]]]}},{"type":"Feature","id":"way/390132438","properties":{"image":"https://photos.app.goo.gl/83Sb84yqtV3LnZSh7","natural":"water","id":"way/390132438"},"geometry":{"type":"Polygon","coordinates":[[[-16.5641114,28.4084035],[-16.5640484,28.4083436],[-16.564031,28.4083448],[-16.5638385,28.4083911],[-16.5638151,28.4083866],[-16.5637932,28.408348],[-16.5637453,28.4083772],[-16.5638412,28.4084666],[-16.5640182,28.4083876],[-16.5640671,28.4084315],[-16.5641114,28.4084035]]]}},{"type":"Feature","id":"way/390133025","properties":{"fixme":"check boundaries","landuse":"forest","leaf_type":"mixed","name":"La Jungla","id":"way/390133025"},"geometry":{"type":"Polygon","coordinates":[[[-16.5640832,28.4102339],[-16.5642662,28.4102241],[-16.5643863,28.4101324],[-16.5641963,28.410026],[-16.5636407,28.4100216],[-16.5632534,28.4098595],[-16.5633134,28.4100971],[-16.5640832,28.4102339]]]}},{"type":"Feature","id":"way/390887204","properties":{"natural":"water","id":"way/390887204"},"geometry":{"type":"Polygon","coordinates":[[[-16.5642338,28.4101885],[-16.5642533,28.4101774],[-16.5642505,28.4101552],[-16.5642365,28.4101272],[-16.564215,28.4101154],[-16.5641842,28.4101154],[-16.5641614,28.4101236],[-16.564156,28.4101425],[-16.5641614,28.4101673],[-16.5641802,28.4101802],[-16.564207,28.4101885],[-16.5642338,28.4101885]]]}},{"type":"Feature","id":"way/390887579","properties":{"natural":"water","id":"way/390887579"},"geometry":{"type":"Polygon","coordinates":[[[-16.5635086,28.4099643],[-16.5634855,28.4099514],[-16.5634681,28.409962],[-16.5634721,28.4099821],[-16.5634868,28.4099951],[-16.5635069,28.4099974],[-16.5635204,28.4099915],[-16.5635086,28.4099643]]]}},{"type":"Feature","id":"way/487440953","properties":{"building":"yes","man_made":"water_works","name":"EDAM Loro Parque","id":"way/487440953"},"geometry":{"type":"Polygon","coordinates":[[[-16.5643889,28.4101836],[-16.5644313,28.4102273],[-16.5645217,28.4101512],[-16.5646837,28.4100311],[-16.5646573,28.409968],[-16.5645994,28.4099601],[-16.5645002,28.4100692],[-16.5644281,28.4101076],[-16.5643889,28.4101836]]]}},{"type":"Feature","id":"way/487440954","properties":{"building":"yes","content":"water","man_made":"reservoir_covered","name":"Depósito Punta Brava","id":"way/487440954"},"geometry":{"type":"Polygon","coordinates":[[[-16.5641782,28.4082158],[-16.5642006,28.4082072],[-16.564205,28.4082169],[-16.5642509,28.4082013],[-16.5643323,28.4081265],[-16.5642783,28.4080823],[-16.5642463,28.4081093],[-16.5642125,28.4080815],[-16.5641349,28.4081243],[-16.5641782,28.4082158]]]}},{"type":"Feature","id":"way/616187706","properties":{"amenity":"fountain","id":"way/616187706"},"geometry":{"type":"Polygon","coordinates":[[[-16.5642322,28.4098051],[-16.5641233,28.4098382],[-16.564139,28.4098781],[-16.5642479,28.4098449],[-16.5642322,28.4098051]]]}},{"type":"Feature","id":"way/616187708","properties":{"landuse":"forest","leaf_type":"broadleaved","id":"way/616187708"},"geometry":{"type":"Polygon","coordinates":[[[-16.5641069,28.4074469],[-16.5646152,28.4072648],[-16.564724,28.407204],[-16.5651737,28.4070863],[-16.5654937,28.4071397],[-16.5657007,28.4072721],[-16.5657133,28.4073935],[-16.5656129,28.4073972],[-16.5657049,28.4076695],[-16.5660061,28.4077578],[-16.5662425,28.4083815],[-16.5663157,28.4083613],[-16.5659476,28.4073623],[-16.5658388,28.4071728],[-16.5655146,28.406998],[-16.5653954,28.4069704],[-16.5652971,28.4069557],[-16.5652176,28.4069575],[-16.5651318,28.4069649],[-16.565044,28.4069888],[-16.5648306,28.4070753],[-16.5640902,28.4073512],[-16.5641069,28.4074469]]]}},{"type":"Feature","id":"way/616187711","properties":{"building":"yes","id":"way/616187711"},"geometry":{"type":"Polygon","coordinates":[[[-16.5645731,28.4083262],[-16.564574,28.4082789],[-16.5644975,28.4082778],[-16.5644966,28.4083251],[-16.5645731,28.4083262]]]}},{"type":"Feature","id":"way/616187712","properties":{"building":"yes","id":"way/616187712"},"geometry":{"type":"Polygon","coordinates":[[[-16.5646746,28.4083791],[-16.5646571,28.4083394],[-16.5646137,28.4083542],[-16.5646312,28.4083939],[-16.5646746,28.4083791]]]}},{"type":"Feature","id":"way/616187713","properties":{"building":"yes","id":"way/616187713"},"geometry":{"type":"Polygon","coordinates":[[[-16.5647787,28.4085114],[-16.564721,28.4084265],[-16.5646518,28.4084629],[-16.5647095,28.4085478],[-16.5647787,28.4085114]]]}},{"type":"Feature","id":"way/616187714","properties":{"building":"yes","id":"way/616187714"},"geometry":{"type":"Polygon","coordinates":[[[-16.5645204,28.4085974],[-16.5645603,28.4085718],[-16.5645127,28.4085144],[-16.5644728,28.4085401],[-16.5645204,28.4085974]]]}},{"type":"Feature","id":"way/616187715","properties":{"building":"yes","id":"way/616187715"},"geometry":{"type":"Polygon","coordinates":[[[-16.5646183,28.4086346],[-16.5645791,28.4085736],[-16.5644726,28.4086265],[-16.5645117,28.4086875],[-16.5646183,28.4086346]]]}},{"type":"Feature","id":"way/616625392","properties":{"building":"yes","id":"way/616625392"},"geometry":{"type":"Polygon","coordinates":[[[-16.5650962,28.4086054],[-16.5651016,28.4086001],[-16.5651049,28.4085883],[-16.5651009,28.4085771],[-16.5650888,28.4085676],[-16.5650747,28.408567],[-16.5650218,28.4085824],[-16.565009,28.4085912],[-16.5650097,28.4086048],[-16.5650104,28.408616],[-16.5650224,28.4086231],[-16.5650379,28.4086231],[-16.5650962,28.4086054]]]}},{"type":"Feature","id":"way/616625393","properties":{"building":"yes","id":"way/616625393"},"geometry":{"type":"Polygon","coordinates":[[[-16.5653063,28.4086475],[-16.5652801,28.4086145],[-16.565264,28.4086062],[-16.5652416,28.4086023],[-16.565218,28.408604],[-16.5651932,28.4086114],[-16.5651639,28.4086269],[-16.5651583,28.4086415],[-16.5651653,28.4086647],[-16.5651732,28.4087114],[-16.5651745,28.4087215],[-16.5651803,28.4087271],[-16.5652082,28.40874],[-16.5652396,28.408743],[-16.56527,28.4087356],[-16.5652909,28.4087226],[-16.5653064,28.4087048],[-16.5653151,28.4086836],[-16.5653137,28.4086705],[-16.5653132,28.4086652],[-16.5653063,28.4086475]]]}},{"type":"Feature","id":"way/616625394","properties":{"building":"yes","id":"way/616625394"},"geometry":{"type":"Polygon","coordinates":[[[-16.5656364,28.4084845],[-16.5656245,28.4084708],[-16.5656066,28.4084638],[-16.565587,28.4084652],[-16.5655706,28.4084746],[-16.5655613,28.4084898],[-16.5655621,28.4085093],[-16.5655747,28.4085254],[-16.5655986,28.4085463],[-16.5656417,28.4085282],[-16.5656394,28.408502],[-16.5656364,28.4084845]]]}},{"type":"Feature","id":"way/616625395","properties":{"building":"yes","id":"way/616625395"},"geometry":{"type":"Polygon","coordinates":[[[-16.5656635,28.4085373],[-16.5656417,28.4085282],[-16.5655986,28.4085463],[-16.5655878,28.4085692],[-16.5655862,28.4085941],[-16.5656007,28.408614],[-16.5656134,28.4086135],[-16.5656324,28.4086187],[-16.5656521,28.408617],[-16.5656718,28.4086069],[-16.5656843,28.4085902],[-16.5656872,28.4085703],[-16.5656797,28.4085514],[-16.5656635,28.4085373]]]}},{"type":"Feature","id":"way/616625396","properties":{"building":"yes","id":"way/616625396"},"geometry":{"type":"Polygon","coordinates":[[[-16.5655878,28.4085692],[-16.565569,28.408554],[-16.5655479,28.4085401],[-16.5655224,28.4085344],[-16.5654963,28.4085378],[-16.5654738,28.4085497],[-16.5654584,28.4085621],[-16.5654601,28.4085861],[-16.5654585,28.4086216],[-16.5654762,28.408639],[-16.5655016,28.4086506],[-16.5655301,28.4086518],[-16.5655521,28.4086449],[-16.5655741,28.408636],[-16.5656007,28.408614],[-16.5655862,28.4085941],[-16.5655878,28.4085692]]]}},{"type":"Feature","id":"way/616625398","properties":{"building":"yes","id":"way/616625398"},"geometry":{"type":"Polygon","coordinates":[[[-16.5654584,28.4085621],[-16.5654466,28.4085368],[-16.5654258,28.4085165],[-16.5653985,28.4085036],[-16.5653678,28.4084996],[-16.5653374,28.4085049],[-16.5653108,28.408519],[-16.5652895,28.408543],[-16.5652799,28.4085722],[-16.565284,28.4085953],[-16.5653042,28.4086271],[-16.5653329,28.4086495],[-16.5653595,28.4086581],[-16.565394,28.4086558],[-16.565419,28.408646],[-16.5654395,28.4086301],[-16.5654585,28.4086216],[-16.5654601,28.4085861],[-16.5654584,28.4085621]]]}},{"type":"Feature","id":"way/616625399","properties":{"building":"yes","id":"way/616625399"},"geometry":{"type":"Polygon","coordinates":[[[-16.5651632,28.4085813],[-16.5651547,28.4085763],[-16.5651445,28.4085768],[-16.5651367,28.4085825],[-16.5651345,28.4085924],[-16.5651403,28.408601],[-16.5651511,28.4086042],[-16.5651594,28.4086018],[-16.5651651,28.408596],[-16.5651665,28.4085884],[-16.5651632,28.4085813]]]}},{"type":"Feature","id":"way/616625400","properties":{"building":"yes","image":"https://photos.app.goo.gl/EcNxbbYddAej8GSC8","id":"way/616625400"},"geometry":{"type":"Polygon","coordinates":[[[-16.5651653,28.4086647],[-16.5651583,28.4086415],[-16.5651313,28.4086258],[-16.5651032,28.4086183],[-16.5650741,28.4086211],[-16.5650505,28.4086331],[-16.5650353,28.4086494],[-16.5650283,28.4086659],[-16.5650242,28.4086895],[-16.5650301,28.4087128],[-16.5650454,28.4087326],[-16.5650626,28.4087429],[-16.5650678,28.4087461],[-16.5650942,28.4087514],[-16.5651211,28.4087479],[-16.565143,28.4087412],[-16.5651605,28.4087341],[-16.5651723,28.4087258],[-16.5651745,28.4087215],[-16.5651732,28.4087114],[-16.5651653,28.4086647]]]}},{"type":"Feature","id":"way/616625402","properties":{"building":"yes","id":"way/616625402"},"geometry":{"type":"Polygon","coordinates":[[[-16.5650013,28.4087646],[-16.5649782,28.4086899],[-16.5649179,28.4087043],[-16.5649411,28.4087791],[-16.5650013,28.4087646]]]}},{"type":"Feature","id":"way/616625403","properties":{"landuse":"forest","id":"way/616625403"},"geometry":{"type":"Polygon","coordinates":[[[-16.56471,28.409174],[-16.5646862,28.4090936],[-16.5645169,28.4091368],[-16.5643848,28.4092991],[-16.5643628,28.4095538],[-16.5642629,28.4095791],[-16.5642781,28.4096447],[-16.5643321,28.4098309],[-16.5640614,28.4099023],[-16.5640682,28.4099336],[-16.5641963,28.410026],[-16.5643863,28.4101324],[-16.5644281,28.4101076],[-16.5645002,28.4100692],[-16.5645994,28.4099601],[-16.5646573,28.409968],[-16.5649127,28.4098828],[-16.5647929,28.4095896],[-16.5647828,28.4094525],[-16.56471,28.409174]]]}},{"type":"Feature","id":"way/616625405","properties":{"building":"yes","id":"way/616625405"},"geometry":{"type":"Polygon","coordinates":[[[-16.5634209,28.4088802],[-16.5634105,28.4088731],[-16.5633973,28.408872],[-16.5633856,28.4088773],[-16.563379,28.4088873],[-16.5633808,28.4089017],[-16.563393,28.4089115],[-16.5634094,28.4089119],[-16.563421,28.4089043],[-16.5634253,28.4088922],[-16.5634209,28.4088802]]]}},{"type":"Feature","id":"way/616625407","properties":{"building":"yes","id":"way/616625407"},"geometry":{"type":"Polygon","coordinates":[[[-16.5633625,28.4089122],[-16.5633522,28.4089013],[-16.5633362,28.4088994],[-16.563323,28.4089074],[-16.5633193,28.4089212],[-16.5633242,28.408931],[-16.5633342,28.408937],[-16.5633464,28.4089375],[-16.5633571,28.4089323],[-16.563363,28.408923],[-16.5633625,28.4089122]]]}},{"type":"Feature","id":"way/616625408","properties":{"building":"yes","id":"way/616625408"},"geometry":{"type":"Polygon","coordinates":[[[-16.5633883,28.4089588],[-16.5633729,28.4089532],[-16.5633567,28.4089566],[-16.5633459,28.4089677],[-16.5633452,28.408984],[-16.5633566,28.4089968],[-16.5633747,28.4090001],[-16.5633885,28.4089945],[-16.5633966,28.4089833],[-16.5633965,28.4089699],[-16.5633883,28.4089588]]]}},{"type":"Feature","id":"way/616625413","properties":{"amenity":"school","barrier":"wall","education":"school","name":"Colegio Publico Punta Brava","id":"way/616625413"},"geometry":{"type":"Polygon","coordinates":[[[-16.5656911,28.4086547],[-16.56492,28.408874],[-16.5648911,28.408885],[-16.5649436,28.4095955],[-16.5648979,28.4096059],[-16.5649758,28.4098353],[-16.5650012,28.4098338],[-16.565897,28.4093244],[-16.5658801,28.4092627],[-16.5656911,28.4086547]]]}},{"type":"Feature","id":"way/616625414","properties":{"building":"yes","id":"way/616625414"},"geometry":{"type":"Polygon","coordinates":[[[-16.5641799,28.4090224],[-16.5641503,28.4089696],[-16.5638811,28.4090863],[-16.5639108,28.4091391],[-16.5641799,28.4090224]]]}},{"type":"Feature","id":"way/616641805","properties":{"building":"yes","id":"way/616641805"},"geometry":{"type":"Polygon","coordinates":[[[-16.563739,28.4090463],[-16.5637147,28.4090123],[-16.5635765,28.409089],[-16.5636009,28.409123],[-16.563739,28.4090463]]]}},{"type":"Feature","id":"way/687280595","properties":{"animal_keeping":"orca","leisure":"swimming_pool","man_made":"yes","name":"Orca holding pool","name:fr":"Bassin de rétention des orques","id":"way/687280595"},"geometry":{"type":"Polygon","coordinates":[[[-16.563244,28.4082228],[-16.5632503,28.4082216],[-16.5632526,28.4082214],[-16.5632589,28.4082214],[-16.5632713,28.4082214],[-16.5632993,28.4082209],[-16.5633362,28.4082194],[-16.5633574,28.4082202],[-16.563372,28.4082225],[-16.5633904,28.4082264],[-16.5634083,28.4082322],[-16.5634238,28.4082389],[-16.5634382,28.4082464],[-16.563454,28.408257],[-16.5634667,28.4082659],[-16.5634758,28.4082698],[-16.5634878,28.4082727],[-16.5634983,28.4082746],[-16.5635069,28.4082752],[-16.5635169,28.4082746],[-16.5635275,28.4082728],[-16.5635438,28.4082674],[-16.5635609,28.4082601],[-16.5635709,28.4082547],[-16.5635794,28.408248],[-16.5635881,28.4082386],[-16.5635971,28.4082267],[-16.5636017,28.4082198],[-16.5636035,28.408216],[-16.5636077,28.4082044],[-16.5636083,28.4082023],[-16.5636098,28.4081968],[-16.5636103,28.4081934],[-16.5636105,28.4081863],[-16.5636101,28.4081735],[-16.5636093,28.4081658],[-16.5636083,28.4081626],[-16.5635918,28.4081307],[-16.5635897,28.4081283],[-16.5635787,28.4081168],[-16.563572,28.4081096],[-16.5635628,28.408101],[-16.5635562,28.4080951],[-16.5635523,28.4080917],[-16.5635374,28.4080891],[-16.5635245,28.4080869],[-16.5634266,28.4080748],[-16.5634223,28.408076],[-16.5634158,28.4080792],[-16.5634096,28.4080826],[-16.5634035,28.4080851],[-16.5633958,28.4080863],[-16.5633463,28.4080837],[-16.5633334,28.4080839],[-16.5633013,28.4080853],[-16.5632947,28.4080859],[-16.563293,28.4080862],[-16.5632912,28.4080868],[-16.5632893,28.4080868],[-16.5632815,28.4080859],[-16.5632793,28.4080998],[-16.5632771,28.4081137],[-16.5632801,28.4081145],[-16.5632812,28.4081171],[-16.5632796,28.4081198],[-16.5632773,28.4081219],[-16.5632707,28.408126],[-16.5632622,28.4081307],[-16.5632524,28.4081357],[-16.5632447,28.408139],[-16.5632363,28.4081427],[-16.5632335,28.4081435],[-16.5632311,28.4081437],[-16.5632301,28.408157],[-16.5632291,28.4081703],[-16.5632315,28.4081707],[-16.5632342,28.4081713],[-16.5632366,28.4081723],[-16.563238,28.4081734],[-16.563239,28.4081752],[-16.5632431,28.408191],[-16.5632434,28.4081925],[-16.5632433,28.4081938],[-16.5632429,28.4081947],[-16.5632422,28.4081953],[-16.5632399,28.4081962],[-16.5632367,28.408197],[-16.5632404,28.4082099],[-16.563244,28.4082228]]]}},{"type":"Feature","id":"way/687280596","properties":{"animal_keeping":"orca","leisure":"swimming_pool","man_made":"yes","name":"Orca Ocean Show Pool","name:fr":"Bassin Orca Show","id":"way/687280596"},"geometry":{"type":"Polygon","coordinates":[[[-16.5635523,28.4080917],[-16.5635616,28.4080475],[-16.5635682,28.4080437],[-16.5636033,28.408024],[-16.563601,28.4079696],[-16.5635794,28.4079137],[-16.5635449,28.4078577],[-16.5634924,28.4078156],[-16.5634492,28.4078002],[-16.5633313,28.4077796],[-16.5632881,28.4077817],[-16.563218,28.4078002],[-16.5631585,28.4078371],[-16.5631106,28.4078844],[-16.5630844,28.407943],[-16.5631149,28.4079752],[-16.5631058,28.408023],[-16.5631193,28.4080253],[-16.5631337,28.4080277],[-16.563145,28.4079746],[-16.5631461,28.4079728],[-16.5631481,28.4079721],[-16.5631506,28.4079725],[-16.5635308,28.4080392],[-16.5635325,28.4080403],[-16.563533,28.4080417],[-16.563533,28.4080432],[-16.5635245,28.4080869],[-16.5635374,28.4080891],[-16.5635523,28.4080917]]]}},{"type":"Feature","id":"way/687280597","properties":{"animal_keeping":"orca","leisure":"swimming_pool","man_made":"yes","name":"Orca holding pool","name:fr":"Bassin de rétention des orques","id":"way/687280597"},"geometry":{"type":"Polygon","coordinates":[[[-16.5632815,28.4080859],[-16.563277,28.4080854],[-16.5632756,28.4080848],[-16.5632747,28.4080839],[-16.5632744,28.4080833],[-16.5632732,28.408076],[-16.5632612,28.4080523],[-16.5631337,28.4080277],[-16.5631193,28.4080253],[-16.5631058,28.408023],[-16.5630652,28.4080159],[-16.5630055,28.4080074],[-16.5629595,28.4080006],[-16.5629471,28.4079998],[-16.5629319,28.4080006],[-16.5629181,28.4080027],[-16.5629032,28.4080054],[-16.5628889,28.4080109],[-16.5628745,28.4080171],[-16.5628602,28.4080248],[-16.5628455,28.4080356],[-16.5628362,28.4080441],[-16.5628249,28.4080568],[-16.5628172,28.4080687],[-16.562811,28.4080808],[-16.5628065,28.4080922],[-16.5628028,28.4081033],[-16.5628007,28.4081124],[-16.5627989,28.4081232],[-16.5627988,28.4081323],[-16.5627993,28.4081413],[-16.5628002,28.4081503],[-16.5628014,28.4081574],[-16.5628027,28.4081638],[-16.5628037,28.4081685],[-16.5628065,28.4081771],[-16.5628091,28.4081843],[-16.5628129,28.4081943],[-16.5628168,28.4082011],[-16.5628184,28.4082038],[-16.5628253,28.4082138],[-16.5628311,28.4082217],[-16.5628367,28.4082282],[-16.5628467,28.4082377],[-16.5628561,28.408245],[-16.5628633,28.4082502],[-16.5628731,28.4082563],[-16.5628919,28.4082649],[-16.5629067,28.40827],[-16.5629298,28.4082752],[-16.5629418,28.408277],[-16.562967,28.4082802],[-16.5629922,28.4082825],[-16.5630008,28.4082825],[-16.5630075,28.4082821],[-16.5630173,28.4082812],[-16.5630363,28.4082796],[-16.5630511,28.4082783],[-16.5630722,28.4082769],[-16.5630744,28.4082757],[-16.5630761,28.4082746],[-16.5630976,28.408258],[-16.5630973,28.4082565],[-16.5630977,28.4082553],[-16.563099,28.4082546],[-16.5631043,28.4082534],[-16.5631014,28.4082403],[-16.5630984,28.4082272],[-16.5630961,28.4082275],[-16.5630934,28.4082269],[-16.5630916,28.4082253],[-16.5630905,28.4082233],[-16.5630889,28.4082155],[-16.5630892,28.4082113],[-16.5630902,28.4082088],[-16.5630939,28.4082053],[-16.5630966,28.4082042],[-16.5632144,28.4081764],[-16.5632153,28.4081756],[-16.5632162,28.408174],[-16.5632171,28.4081729],[-16.5632204,28.4081714],[-16.5632253,28.4081705],[-16.5632291,28.4081703],[-16.5632301,28.408157],[-16.5632311,28.4081437],[-16.5632293,28.4081435],[-16.5632274,28.4081424],[-16.5632258,28.4081411],[-16.5632249,28.4081396],[-16.5632245,28.4081376],[-16.5632245,28.4081361],[-16.5632255,28.4081343],[-16.5632273,28.4081325],[-16.5632325,28.4081287],[-16.5632407,28.4081251],[-16.5632527,28.4081196],[-16.5632617,28.4081166],[-16.563272,28.408114],[-16.5632771,28.4081137],[-16.5632793,28.4080998],[-16.5632815,28.4080859]]]}},{"type":"Feature","id":"way/687280598","properties":{"intermittent":"yes","natural":"water","water":"shallow","id":"way/687280598"},"geometry":{"type":"Polygon","coordinates":[[[-16.5634492,28.4078002],[-16.5634457,28.4077493],[-16.5633562,28.4077343],[-16.5633313,28.4077796],[-16.5634492,28.4078002]]]}},{"type":"Feature","id":"way/687280599","properties":{"intermittent":"yes","natural":"water","water":"shallow","id":"way/687280599"},"geometry":{"type":"Polygon","coordinates":[[[-16.5635562,28.4080951],[-16.5635628,28.408101],[-16.563572,28.4081096],[-16.5635787,28.4081168],[-16.5635897,28.4081283],[-16.5635918,28.4081307],[-16.5636083,28.4081626],[-16.5636093,28.4081658],[-16.5636101,28.4081735],[-16.5636105,28.4081863],[-16.5636103,28.4081934],[-16.5636098,28.4081968],[-16.5636083,28.4082023],[-16.5636253,28.4082009],[-16.5636373,28.4081742],[-16.5636423,28.4081611],[-16.5636433,28.4081559],[-16.5636435,28.4081525],[-16.5636435,28.4081478],[-16.5636433,28.4081412],[-16.5636422,28.4081344],[-16.5636407,28.4081284],[-16.5636384,28.4081226],[-16.5636355,28.4081177],[-16.5636323,28.4081135],[-16.5636275,28.4081089],[-16.5636229,28.4081056],[-16.5636185,28.4081031],[-16.5636142,28.4081014],[-16.5636086,28.4081002],[-16.5636032,28.4080993],[-16.5635872,28.4080975],[-16.563573,28.4080965],[-16.5635562,28.4080951]]]}},{"type":"Feature","id":"way/687280600","properties":{"name":"Med Pool","natural":"water","id":"way/687280600"},"geometry":{"type":"Polygon","coordinates":[[[-16.563244,28.4082228],[-16.5632404,28.4082099],[-16.5632367,28.408197],[-16.5632337,28.4081974],[-16.5632312,28.408197],[-16.5632299,28.4081956],[-16.563229,28.4081927],[-16.5632269,28.4081864],[-16.5632258,28.4081856],[-16.5632237,28.4081854],[-16.5632191,28.4081863],[-16.5631707,28.408198],[-16.563108,28.4082123],[-16.5631065,28.408213],[-16.5631058,28.4082143],[-16.5631058,28.408216],[-16.5631071,28.4082215],[-16.5631074,28.408223],[-16.5631071,28.4082244],[-16.5631059,28.4082255],[-16.5630984,28.4082272],[-16.5631014,28.4082403],[-16.5631043,28.4082534],[-16.563108,28.4082527],[-16.5631103,28.4082523],[-16.5631123,28.408252],[-16.5631144,28.4082524],[-16.5631159,28.4082535],[-16.563117,28.4082551],[-16.5631241,28.408281],[-16.5631306,28.4082795],[-16.5631292,28.4082743],[-16.5632399,28.4082487],[-16.5632412,28.4082529],[-16.5632469,28.4082515],[-16.5632395,28.4082283],[-16.5632393,28.4082269],[-16.5632395,28.4082254],[-16.5632401,28.4082245],[-16.5632409,28.4082237],[-16.563244,28.4082228]]]}},{"type":"Feature","id":"way/687280602","properties":{"intermittent":"yes","man_made":"yes","natural":"water","water":"shallow","id":"way/687280602"},"geometry":{"type":"Polygon","coordinates":[[[-16.5629922,28.4082825],[-16.562967,28.4082802],[-16.5629418,28.408277],[-16.5629298,28.4082752],[-16.5629067,28.40827],[-16.5628919,28.4082649],[-16.5628731,28.4082563],[-16.5628633,28.4082502],[-16.5628561,28.408245],[-16.5628467,28.4082377],[-16.5628367,28.4082282],[-16.5628311,28.4082217],[-16.5628253,28.4082138],[-16.5628184,28.4082038],[-16.5628168,28.4082011],[-16.5627995,28.408208],[-16.562805,28.4082234],[-16.562811,28.4082384],[-16.5628178,28.4082493],[-16.5628291,28.4082617],[-16.5628419,28.4082722],[-16.5628592,28.4082835],[-16.5628758,28.4082905],[-16.5628939,28.4082952],[-16.5629101,28.4082971],[-16.5629326,28.4082973],[-16.5629576,28.4082964],[-16.5629793,28.4082954],[-16.5629923,28.408295],[-16.5629922,28.4082825]]]}},{"type":"Feature","id":"way/687280607","properties":{"building":"yes","id":"way/687280607"},"geometry":{"type":"Polygon","coordinates":[[[-16.5638154,28.4080878],[-16.5637758,28.4080672],[-16.5636622,28.4082351],[-16.5637017,28.4082558],[-16.5638154,28.4080878]]]}},{"type":"Feature","id":"way/724411146","properties":{"landuse":"grass","id":"way/724411146"},"geometry":{"type":"Polygon","coordinates":[[[-16.5660518,28.4085186],[-16.566083,28.4085089],[-16.5661077,28.4084894],[-16.5661219,28.4084632],[-16.5661237,28.4084341],[-16.5661127,28.4084066],[-16.5660905,28.4083849],[-16.5660606,28.4083724],[-16.5660276,28.4083708],[-16.5659964,28.4083805],[-16.5659717,28.4084],[-16.5659575,28.4084263],[-16.5659557,28.4084554],[-16.5659667,28.4084828],[-16.5659889,28.4085045],[-16.5660187,28.4085171],[-16.5660518,28.4085186]]]}},{"type":"Feature","id":"way/724411147","properties":{"access":"customers","amenity":"parking","fee":"yes","parking":"surface","id":"way/724411147"},"geometry":{"type":"Polygon","coordinates":[[[-16.5665924,28.4089671],[-16.5669114,28.4088674],[-16.5670671,28.4087609],[-16.5671517,28.4086567],[-16.5670205,28.408332],[-16.5664926,28.4085049],[-16.566503,28.4085344],[-16.5664427,28.408552],[-16.5665492,28.4088383],[-16.5665924,28.4089671]]]}},{"type":"Feature","id":"way/865202138","properties":{"natural":"water","id":"way/865202138"},"geometry":{"type":"Polygon","coordinates":[[[-16.5648886,28.4079597],[-16.5648925,28.4079582],[-16.5648994,28.4079531],[-16.5649036,28.4079487],[-16.5649038,28.4079436],[-16.5649019,28.4079382],[-16.5648994,28.4079342],[-16.5648933,28.4079294],[-16.5648897,28.4079274],[-16.5648846,28.4079271],[-16.5648804,28.4079282],[-16.5648629,28.4079368],[-16.5648611,28.4079379],[-16.5648607,28.4079394],[-16.5648629,28.4079427],[-16.5648738,28.4079588],[-16.5648801,28.4079596],[-16.5648848,28.4079602],[-16.5648886,28.4079597]]]}},{"type":"Feature","id":"way/865202139","properties":{"natural":"water","id":"way/865202139"},"geometry":{"type":"Polygon","coordinates":[[[-16.5648437,28.4079982],[-16.5648495,28.4079953],[-16.5648582,28.4079893],[-16.5648632,28.4079849],[-16.5648656,28.4079761],[-16.5648667,28.4079715],[-16.5648651,28.4079686],[-16.5648602,28.407961],[-16.5648583,28.4079594],[-16.5648552,28.4079597],[-16.5648477,28.4079631],[-16.5648458,28.4079652],[-16.5648432,28.4079702],[-16.5648367,28.4079747],[-16.5648316,28.4079787],[-16.5648298,28.4079811],[-16.5648301,28.4079826],[-16.5648316,28.4079855],[-16.5648369,28.4079922],[-16.5648414,28.4079973],[-16.5648425,28.4079979],[-16.5648437,28.4079982]]]}},{"type":"Feature","id":"way/865202140","properties":{"natural":"water","id":"way/865202140"},"geometry":{"type":"Polygon","coordinates":[[[-16.5648509,28.4080154],[-16.5648468,28.4080068],[-16.5648448,28.4080046],[-16.5648387,28.4080011],[-16.5648333,28.4079946],[-16.5648327,28.4079925],[-16.5648294,28.4079886],[-16.5648269,28.4079877],[-16.5648197,28.4079789],[-16.5648141,28.4079814],[-16.5648131,28.4079796],[-16.564805,28.4079829],[-16.5648051,28.4079882],[-16.5648065,28.4079888],[-16.5648042,28.4080023],[-16.5648002,28.4080153],[-16.5647997,28.4080274],[-16.5648008,28.40803],[-16.5648053,28.4080347],[-16.5648084,28.4080373],[-16.5648125,28.4080389],[-16.5648228,28.408039],[-16.5648271,28.4080385],[-16.5648302,28.4080377],[-16.5648383,28.4080327],[-16.5648449,28.408026],[-16.5648483,28.4080214],[-16.5648502,28.4080182],[-16.5648509,28.4080154]]]}},{"type":"Feature","id":"way/1113323153","properties":{"building":"yes","id":"way/1113323153"},"geometry":{"type":"Polygon","coordinates":[[[-16.5649722,28.4086809],[-16.5649581,28.4086449],[-16.5649376,28.4086511],[-16.5649226,28.40867],[-16.5649319,28.4086918],[-16.5649722,28.4086809]]]}},{"type":"Feature","id":"way/1198011295","properties":{"building":"yes","opening_hours":"Mo-Su 09:30-17:30","shop":"gift","id":"way/1198011295"},"geometry":{"type":"Polygon","coordinates":[[[-16.5640179,28.4081101],[-16.5639623,28.408091],[-16.5639065,28.4081131],[-16.5638862,28.4081613],[-16.5639114,28.4082061],[-16.5639672,28.408224],[-16.5640174,28.4082055],[-16.5640367,28.4081595],[-16.5640179,28.4081101]]]}},{"type":"Feature","id":"way/1198011302","properties":{"building":"roof","layer":"1","id":"way/1198011302"},"geometry":{"type":"Polygon","coordinates":[[[-16.5631628,28.4089927],[-16.5631266,28.4088844],[-16.5630669,28.4088998],[-16.5630638,28.4089006],[-16.5631,28.4090089],[-16.5631542,28.4089949],[-16.5631628,28.4089927]]]}},{"type":"Feature","id":"way/1337736131","properties":{"amenity":"fountain","barrier":"kerb","image":"https://photos.app.goo.gl/nTXKKWoRFAkXbiNp8","kerb":"raised","water":"reservoir","id":"way/1337736131"},"geometry":{"type":"Polygon","coordinates":[[[-16.5642862,28.4089628],[-16.5642753,28.4089435],[-16.5642539,28.4089529],[-16.5642647,28.4089721],[-16.5642862,28.4089628]]]}},{"type":"Feature","id":"way/1337736132","properties":{"building":"yes","image":"https://photos.app.goo.gl/eUy22ZFioq42CWFQ9","man_made":"tower","id":"way/1337736132"},"geometry":{"type":"Polygon","coordinates":[[[-16.5642014,28.4089812],[-16.5642342,28.408967],[-16.5642179,28.4089377],[-16.564185,28.4089518],[-16.5642014,28.4089812]]]}},{"type":"Feature","id":"way/24971507","properties":{"highway":"service","oneway":"yes","service":"driveway","surface":"asphalt","id":"way/24971507"},"geometry":{"type":"LineString","coordinates":[[-16.5663977,28.4091856],[-16.5663591,28.4091013],[-16.5663484,28.4090804],[-16.5663264,28.4090233],[-16.5662865,28.4090039]]}},{"type":"Feature","id":"way/24971508","properties":{"highway":"service","service":"driveway","source":"GRAFCAN OrtoExpress Urbana 2009","surface":"asphalt","id":"way/24971508"},"geometry":{"type":"LineString","coordinates":[[-16.5662865,28.4090039],[-16.5663423,28.4089528],[-16.5664411,28.4089248],[-16.5665425,28.4088893],[-16.5665866,28.408876]]}},{"type":"Feature","id":"way/24971510","properties":{"handrail":"yes","highway":"steps","incline":"up","lit":"yes","ramp":"no","step_count":"9","surface":"concrete","tactile_paving":"no","id":"way/24971510"},"geometry":{"type":"LineString","coordinates":[[-16.5659671,28.4082505],[-16.5659445,28.4081978]]}},{"type":"Feature","id":"way/24971511","properties":{"bridge":"yes","highway":"footway","id":"way/24971511"},"geometry":{"type":"LineString","coordinates":[[-16.5658231,28.4079106],[-16.5657876,28.4078298],[-16.5656843,28.4077678],[-16.565659,28.407707]]}},{"type":"Feature","id":"way/24971512","properties":{"highway":"footway","layer":"-1","tunnel":"yes","id":"way/24971512"},"geometry":{"type":"LineString","coordinates":[[-16.5637492,28.4082729],[-16.563728,28.4083795],[-16.5637938,28.408451]]}},{"type":"Feature","id":"way/24971513","properties":{"highway":"footway","id":"way/24971513"},"geometry":{"type":"LineString","coordinates":[[-16.5646435,28.4088481],[-16.5645663,28.408933]]}},{"type":"Feature","id":"way/24971514","properties":{"bridge":"yes","highway":"footway","layer":"1","id":"way/24971514"},"geometry":{"type":"LineString","coordinates":[[-16.5635518,28.4100987],[-16.5636469,28.4100714]]}},{"type":"Feature","id":"way/24971515","properties":{"highway":"footway","id":"way/24971515"},"geometry":{"type":"LineString","coordinates":[[-16.5636469,28.4100714],[-16.5637164,28.4100814],[-16.5638867,28.4100958],[-16.5640571,28.4100814],[-16.5641264,28.4100612],[-16.564161,28.409989],[-16.5640542,28.4099515],[-16.5640428,28.4099527],[-16.5640113,28.4099512],[-16.5638145,28.4100352],[-16.563725,28.4100294],[-16.5636731,28.4099688],[-16.5635807,28.4099399],[-16.5634709,28.4098677],[-16.5634259,28.409853],[-16.5633125,28.4098159],[-16.5633105,28.4097594],[-16.5633151,28.4097037],[-16.5633333,28.4096396],[-16.5633355,28.4096107],[-16.5632328,28.4095229],[-16.5631967,28.4094769],[-16.5632026,28.4094444],[-16.5632253,28.4094393],[-16.5632531,28.4094464],[-16.5633156,28.4095026],[-16.5633988,28.409553],[-16.5634877,28.4096246],[-16.5635518,28.409616],[-16.5636269,28.4096194],[-16.5636616,28.4096316],[-16.5636936,28.4096336],[-16.5637187,28.4096209],[-16.5637296,28.4096009],[-16.5637302,28.4095742],[-16.5637079,28.409535],[-16.5636976,28.4094993],[-16.5637081,28.4094634],[-16.5637458,28.4094031],[-16.5637811,28.4093666],[-16.5637925,28.4093308],[-16.5637954,28.4092886],[-16.5637748,28.4092543],[-16.5637542,28.4092],[-16.5637674,28.4091749],[-16.5637971,28.4091461]]}},{"type":"Feature","id":"way/24971516","properties":{"highway":"footway","name":"acuario","oneway":"yes","tunnel":"yes","id":"way/24971516"},"geometry":{"type":"LineString","coordinates":[[-16.5651742,28.4085192],[-16.5650764,28.4084257],[-16.5650152,28.4083703],[-16.565115,28.4083237],[-16.5652248,28.4083769],[-16.5653811,28.4083503],[-16.5653878,28.4082938],[-16.5653912,28.4082099],[-16.5654515,28.408204],[-16.5654707,28.4082283]]}},{"type":"Feature","id":"way/24971518","properties":{"highway":"footway","lit":"yes","id":"way/24971518"},"geometry":{"type":"LineString","coordinates":[[-16.5645299,28.4077662],[-16.5646236,28.4078243]]}},{"type":"Feature","id":"way/24971519","properties":{"highway":"footway","lit":"yes","surface":"concrete","id":"way/24971519"},"geometry":{"type":"LineString","coordinates":[[-16.5627808,28.4082615],[-16.5627567,28.4082006],[-16.5627423,28.4081409],[-16.5627401,28.4080942],[-16.5627495,28.4080561],[-16.5627713,28.4080149],[-16.5628011,28.4079854],[-16.5628282,28.4079698],[-16.5629095,28.4079475],[-16.5629632,28.4079373],[-16.5629857,28.4079297],[-16.5630073,28.4079221],[-16.5630237,28.4079098],[-16.5630705,28.4078375],[-16.563104,28.4077984],[-16.5631345,28.407774],[-16.563174,28.4077501],[-16.563219,28.407737],[-16.5632677,28.4077315],[-16.5633148,28.4077309],[-16.5633258,28.4077168],[-16.5634867,28.4077457],[-16.5634905,28.4078039],[-16.5635188,28.4078209],[-16.5635475,28.4078467],[-16.5635808,28.407893],[-16.5636102,28.4079633],[-16.5636144,28.4080211],[-16.5636095,28.4080817],[-16.5637355,28.4080925],[-16.5637598,28.4080507],[-16.5638313,28.4080844],[-16.5638403,28.4080965],[-16.5638701,28.4080683],[-16.5639103,28.4080617],[-16.5639636,28.4080692],[-16.5640097,28.4080647]]}},{"type":"Feature","id":"way/24971522","properties":{"conveying":"forward","highway":"footway","oneway":"yes","id":"way/24971522"},"geometry":{"type":"LineString","coordinates":[[-16.5650776,28.4073378],[-16.5650195,28.407248],[-16.5650048,28.4072273]]}},{"type":"Feature","id":"way/24971523","properties":{"highway":"footway","id":"way/24971523"},"geometry":{"type":"LineString","coordinates":[[-16.5650776,28.4073378],[-16.5650759,28.4073101],[-16.5650191,28.4072233],[-16.5650137,28.407215],[-16.5649571,28.4071598],[-16.5648904,28.4071807],[-16.5647345,28.4072094],[-16.5646007,28.4072772],[-16.5643526,28.4073695],[-16.5643365,28.4074185],[-16.5643358,28.4074585],[-16.564362,28.4075346],[-16.5644106,28.40757],[-16.5644465,28.407588],[-16.5644297,28.4076009],[-16.5644012,28.4075892],[-16.5643548,28.4075441],[-16.5643432,28.4075541],[-16.564367,28.4076001],[-16.5643064,28.4076491],[-16.5641769,28.407754],[-16.564116,28.407876]]}},{"type":"Feature","id":"way/24971524","properties":{"highway":"footway","id":"way/24971524"},"geometry":{"type":"LineString","coordinates":[[-16.5649064,28.4086373],[-16.5648707,28.4087019],[-16.5648152,28.4087228],[-16.5646435,28.4088481]]}},{"type":"Feature","id":"way/24971527","properties":{"highway":"footway","id":"way/24971527"},"geometry":{"type":"LineString","coordinates":[[-16.5646847,28.409156],[-16.5645576,28.4092034],[-16.5644998,28.4092657],[-16.5644787,28.4093313],[-16.5644808,28.4094547],[-16.5643607,28.4096573],[-16.5643457,28.4098082],[-16.5644482,28.409955],[-16.5643367,28.4100323]]}},{"type":"Feature","id":"way/24971528","properties":{"highway":"footway","lit":"yes","surface":"concrete","id":"way/24971528"},"geometry":{"type":"LineString","coordinates":[[-16.5631789,28.4088665],[-16.56331,28.4086906],[-16.5634095,28.4085666],[-16.5634748,28.4085164],[-16.5635056,28.4085003],[-16.5635572,28.4084818],[-16.5636877,28.4084709],[-16.5637164,28.4084795]]}},{"type":"Feature","id":"way/52511295","properties":{"highway":"service","junction":"roundabout","service":"driveway","surface":"asphalt","id":"way/52511295"},"geometry":{"type":"LineString","coordinates":[[-16.566115,28.4085208],[-16.566143,28.4084905],[-16.5661556,28.408453],[-16.566151,28.4084141],[-16.5661298,28.4083798],[-16.5660952,28.4083552],[-16.5660526,28.4083441],[-16.5660085,28.4083481],[-16.5659694,28.4083668],[-16.5659414,28.4083971],[-16.5659288,28.4084346],[-16.5659334,28.4084735],[-16.5659546,28.4085078],[-16.5659892,28.4085324],[-16.5660318,28.4085435],[-16.5660759,28.4085395],[-16.566115,28.4085208]]}},{"type":"Feature","id":"way/83366604","properties":{"highway":"service","oneway":"yes","service":"parking_aisle","surface":"asphalt","id":"way/83366604"},"geometry":{"type":"LineString","coordinates":[[-16.5670499,28.408562],[-16.5665289,28.40873]]}},{"type":"Feature","id":"way/172373309","properties":{"highway":"service","oneway":"yes","service":"parking_aisle","surface":"asphalt","id":"way/172373309"},"geometry":{"type":"LineString","coordinates":[[-16.5670844,28.4087047],[-16.5670926,28.4086607],[-16.5670499,28.408562],[-16.5670062,28.4084567],[-16.5669776,28.4084405],[-16.5664941,28.4085926],[-16.566485,28.4086202],[-16.5665289,28.40873],[-16.5665866,28.408876]]}},{"type":"Feature","id":"way/195605461","properties":{"highway":"footway","id":"way/195605461"},"geometry":{"type":"LineString","coordinates":[[-16.5646435,28.4088481],[-16.5645787,28.4086763],[-16.5646683,28.4086205],[-16.5647821,28.4085466],[-16.5648556,28.4085937],[-16.5649064,28.4086373],[-16.5649733,28.4085441],[-16.5650104,28.4085143],[-16.565048,28.4085096],[-16.5650842,28.4085184],[-16.5651358,28.4085285],[-16.5651742,28.4085192],[-16.5652672,28.4084854],[-16.5653189,28.4084559],[-16.5653614,28.4084627],[-16.5654085,28.4084581],[-16.5655029,28.4083764],[-16.5654707,28.4082283],[-16.5654721,28.4081755],[-16.5654835,28.4081578],[-16.5655342,28.4081324]]}},{"type":"Feature","id":"way/195605462","properties":{"highway":"footway","surface":"asphalt","id":"way/195605462"},"geometry":{"type":"LineString","coordinates":[[-16.5640113,28.4099512],[-16.5638576,28.4096932],[-16.56381,28.4096608],[-16.5637803,28.4096607],[-16.5637528,28.4096657],[-16.5637187,28.4096209]]}},{"type":"Feature","id":"way/195605463","properties":{"highway":"footway","id":"way/195605463"},"geometry":{"type":"LineString","coordinates":[[-16.5641672,28.4089355],[-16.5640557,28.4087159]]}},{"type":"Feature","id":"way/195605464","properties":{"bridge":"yes","highway":"steps","surface":"wood","id":"way/195605464"},"geometry":{"type":"LineString","coordinates":[[-16.5645683,28.40991],[-16.5645378,28.4099168],[-16.5645224,28.4099079],[-16.5645536,28.4098582],[-16.5645848,28.4098347],[-16.5646347,28.4098171],[-16.564652,28.4097716],[-16.5647075,28.4098452]]}},{"type":"Feature","id":"way/271991492","properties":{"highway":"footway","id":"way/271991492"},"geometry":{"type":"LineString","coordinates":[[-16.5658741,28.4080202],[-16.5658688,28.4080066],[-16.5658231,28.4079106]]}},{"type":"Feature","id":"way/300879462","properties":{"bridge":"yes","highway":"footway","layer":"1","id":"way/300879462"},"geometry":{"type":"LineString","coordinates":[[-16.5645663,28.408933],[-16.5646056,28.4090367]]}},{"type":"Feature","id":"way/300879463","properties":{"bridge":"yes","highway":"footway","layer":"1","id":"way/300879463"},"geometry":{"type":"LineString","coordinates":[[-16.5644071,28.4089987],[-16.5644655,28.4089755]]}},{"type":"Feature","id":"way/300879464","properties":{"bridge":"yes","highway":"footway","layer":"1","id":"way/300879464"},"geometry":{"type":"LineString","coordinates":[[-16.5645939,28.4091359],[-16.5646137,28.4092157]]}},{"type":"Feature","id":"way/300879465","properties":{"highway":"footway","id":"way/300879465"},"geometry":{"type":"LineString","coordinates":[[-16.5646056,28.4090367],[-16.5646014,28.4090513],[-16.564591,28.4090677],[-16.5645836,28.4090805],[-16.5645939,28.4091359]]}},{"type":"Feature","id":"way/300879466","properties":{"highway":"footway","id":"way/300879466"},"geometry":{"type":"LineString","coordinates":[[-16.5644655,28.4089755],[-16.5645334,28.4089475],[-16.5645663,28.408933],[-16.5645355,28.4087063],[-16.5645787,28.4086763]]}},{"type":"Feature","id":"way/300879467","properties":{"highway":"footway","id":"way/300879467"},"geometry":{"type":"LineString","coordinates":[[-16.5646137,28.4092157],[-16.5646318,28.4092748],[-16.5646542,28.4092911],[-16.5646763,28.4092775],[-16.5646923,28.4092476]]}},{"type":"Feature","id":"way/389430822","properties":{"highway":"footway","lit":"yes","surface":"concrete","id":"way/389430822"},"geometry":{"type":"LineString","coordinates":[[-16.5659445,28.4081978],[-16.565935,28.4081738]]}},{"type":"Feature","id":"way/389430825","properties":{"highway":"footway","id":"way/389430825"},"geometry":{"type":"LineString","coordinates":[[-16.5659445,28.4081978],[-16.5660387,28.408168],[-16.5660773,28.4081562],[-16.5661106,28.408157],[-16.5661359,28.4081721],[-16.5661482,28.4081874],[-16.566146,28.4082155],[-16.5661349,28.4082375],[-16.566049,28.4082644],[-16.5659778,28.4082858]]}},{"type":"Feature","id":"way/389430827","properties":{"highway":"footway","lit":"yes","surface":"concrete","id":"way/389430827"},"geometry":{"type":"LineString","coordinates":[[-16.5659778,28.4082858],[-16.5658841,28.4083178],[-16.5658262,28.4083352],[-16.565798,28.4083321],[-16.5657822,28.4083232],[-16.5657683,28.4083054],[-16.5657614,28.4082831],[-16.5657673,28.4082617],[-16.565783,28.4082441],[-16.5658123,28.4082308],[-16.5659445,28.4081978]]}},{"type":"Feature","id":"way/389431085","properties":{"highway":"service","oneway":"yes","service":"parking_aisle","surface":"asphalt","id":"way/389431085"},"geometry":{"type":"LineString","coordinates":[[-16.5664594,28.4086597],[-16.5664677,28.4086826],[-16.5665425,28.4088893]]}},{"type":"Feature","id":"way/389435869","properties":{"highway":"footway","id":"way/389435869"},"geometry":{"type":"LineString","coordinates":[[-16.5651742,28.4085192],[-16.5651982,28.4085517],[-16.565276,28.4085663],[-16.5652803,28.4085459],[-16.5652937,28.408523],[-16.565335,28.4084985],[-16.5653839,28.4084951],[-16.565445,28.4084997],[-16.5656173,28.4084555],[-16.5656447,28.4084736],[-16.5656877,28.4085361],[-16.5656931,28.4085635],[-16.5656903,28.4085898],[-16.5656707,28.4086103],[-16.5656464,28.4086208],[-16.5656293,28.4086237],[-16.5656082,28.4086187],[-16.5655968,28.4086213],[-16.5655777,28.4086387],[-16.5655255,28.4086577],[-16.5654939,28.4086578],[-16.5654416,28.4086444],[-16.5653726,28.4086649],[-16.5653384,28.4086696],[-16.5653137,28.4086705]]}},{"type":"Feature","id":"way/389436060","properties":{"access":"private","comment":"Access only to park staff","highway":"service","service":"driveway","id":"way/389436060"},"geometry":{"type":"LineString","coordinates":[[-16.5640714,28.4095079],[-16.5640613,28.4094914],[-16.5640479,28.4094825],[-16.5640269,28.4094778],[-16.5640025,28.4094862],[-16.5639887,28.4095005],[-16.5639856,28.4095141],[-16.5639867,28.4095213],[-16.5639893,28.4095389],[-16.5639967,28.409549],[-16.5640055,28.4095576],[-16.5640227,28.4095603],[-16.5640399,28.4095576],[-16.5640551,28.4095517],[-16.5640705,28.4095371],[-16.5640734,28.409524],[-16.5640714,28.4095079],[-16.5640923,28.4095093],[-16.5642413,28.4094833],[-16.5642413,28.4093276],[-16.5641086,28.4091216],[-16.5642923,28.4090943],[-16.564475,28.4090588],[-16.5644236,28.4089527],[-16.564388,28.4088642],[-16.5642957,28.4086171],[-16.564177,28.4083358],[-16.5640402,28.4080537],[-16.5639772,28.4079359],[-16.5637955,28.4075042],[-16.5638028,28.4074764],[-16.5638866,28.4074245],[-16.564006,28.4073879],[-16.5640569,28.4073478],[-16.564066,28.4073226],[-16.564073,28.407303],[-16.5640879,28.4072443]]}},{"type":"Feature","id":"way/389436071","properties":{"highway":"footway","id":"way/389436071"},"geometry":{"type":"LineString","coordinates":[[-16.5640965,28.4080286],[-16.5641693,28.4079897],[-16.564116,28.407876],[-16.5642729,28.4078081],[-16.5642729,28.407876],[-16.5643578,28.4079099],[-16.5644299,28.4078887]]}},{"type":"Feature","id":"way/389948760","properties":{"highway":"footway","id":"way/389948760"},"geometry":{"type":"LineString","coordinates":[[-16.5643367,28.4100323],[-16.5642333,28.4099858],[-16.5641099,28.4099434],[-16.5640428,28.4099527]]}},{"type":"Feature","id":"way/389948761","properties":{"highway":"footway","id":"way/389948761"},"geometry":{"type":"LineString","coordinates":[[-16.5646847,28.409156],[-16.5646923,28.4092476],[-16.5647024,28.4093327],[-16.5647698,28.4095139],[-16.5647729,28.4097049],[-16.5647075,28.4098452],[-16.5645683,28.40991],[-16.5644966,28.4100256],[-16.5644079,28.410091]]}},{"type":"Feature","id":"way/389948762","properties":{"highway":"footway","id":"way/389948762"},"geometry":{"type":"LineString","coordinates":[[-16.5646435,28.4088481],[-16.5646624,28.4089761],[-16.5646651,28.4090799],[-16.5646847,28.409156]]}},{"type":"Feature","id":"way/389948925","properties":{"highway":"footway","id":"way/389948925"},"geometry":{"type":"LineString","coordinates":[[-16.5644079,28.410091],[-16.5643574,28.4102257],[-16.5642805,28.410257],[-16.5641609,28.4102215],[-16.5641264,28.4102113],[-16.5640568,28.4101943],[-16.5639384,28.4101969],[-16.5638117,28.4101853],[-16.5637221,28.4101622],[-16.5636557,28.4101334],[-16.5635291,28.4100335],[-16.5635107,28.4100286],[-16.5634236,28.4100055],[-16.563367,28.4100179],[-16.5634132,28.41009],[-16.5635027,28.4101103],[-16.5635518,28.4100987]]}},{"type":"Feature","id":"way/389948926","properties":{"highway":"steps","id":"way/389948926"},"geometry":{"type":"LineString","coordinates":[[-16.5643367,28.4100323],[-16.5644079,28.410091]]}},{"type":"Feature","id":"way/389950393","properties":{"highway":"footway","id":"way/389950393"},"geometry":{"type":"LineString","coordinates":[[-16.5635292,28.4099823],[-16.5635107,28.4100286]]}},{"type":"Feature","id":"way/389952187","properties":{"highway":"footway","id":"way/389952187"},"geometry":{"type":"LineString","coordinates":[[-16.5637009,28.4096803],[-16.5637169,28.4096768],[-16.5637528,28.4096657]]}},{"type":"Feature","id":"way/389952188","properties":{"highway":"footway","id":"way/389952188"},"geometry":{"type":"LineString","coordinates":[[-16.5638108,28.409823],[-16.5637528,28.4096657]]}},{"type":"Feature","id":"way/389952318","properties":{"highway":"footway","id":"way/389952318"},"geometry":{"type":"LineString","coordinates":[[-16.5637164,28.4084795],[-16.5637558,28.4085246],[-16.5638268,28.4084869],[-16.5639464,28.4084358],[-16.5640096,28.4084108],[-16.5640549,28.4084457],[-16.5641045,28.4084816],[-16.5641407,28.4085146],[-16.5641372,28.4085461],[-16.5639582,28.4086679],[-16.5637587,28.4088113],[-16.5637084,28.4088278]]}},{"type":"Feature","id":"way/389952320","properties":{"highway":"footway","id":"way/389952320"},"geometry":{"type":"LineString","coordinates":[[-16.5640939,28.4087017],[-16.5640557,28.4087159],[-16.563904,28.4087784],[-16.5638274,28.4088213],[-16.5637868,28.4088696],[-16.5637948,28.4089326],[-16.5638206,28.4089807],[-16.5638663,28.4090335],[-16.5639109,28.4090389],[-16.5641672,28.4089355],[-16.5642113,28.4090146],[-16.5643232,28.4090052],[-16.5643366,28.4090041],[-16.5643469,28.4090225],[-16.5644071,28.4089987]]}},{"type":"Feature","id":"way/389953130","properties":{"highway":"footway","id":"way/389953130"},"geometry":{"type":"LineString","coordinates":[[-16.56381,28.4096608],[-16.5639031,28.4096283],[-16.5639064,28.4096044],[-16.563887,28.4095724],[-16.5638683,28.4095188],[-16.5638683,28.4094987],[-16.5639039,28.4094786],[-16.5639784,28.4094518],[-16.5639971,28.4094178],[-16.5638478,28.4091427]]}},{"type":"Feature","id":"way/389957761","properties":{"highway":"footway","id":"way/389957761"},"geometry":{"type":"LineString","coordinates":[[-16.5638432,28.4091306],[-16.5637971,28.4091461],[-16.5637622,28.4091542],[-16.5634902,28.409193],[-16.5633324,28.4092845],[-16.5631909,28.409348],[-16.5631707,28.4093076],[-16.5631735,28.4092758],[-16.5631418,28.4092181],[-16.5631505,28.4091834],[-16.5632919,28.4091748],[-16.5633959,28.4091257],[-16.5634247,28.4090275],[-16.5634507,28.4089495],[-16.5634912,28.4089207],[-16.5636317,28.4089043],[-16.5637389,28.4089404],[-16.5637948,28.4089326]]}},{"type":"Feature","id":"way/389957762","properties":{"highway":"footway","id":"way/389957762"},"geometry":{"type":"LineString","coordinates":[[-16.5638478,28.4091427],[-16.5638432,28.4091306],[-16.5638304,28.4090967],[-16.5637692,28.4089962],[-16.5637389,28.4089404]]}},{"type":"Feature","id":"way/389958920","properties":{"highway":"footway","id":"way/389958920"},"geometry":{"type":"LineString","coordinates":[[-16.5637084,28.4088278],[-16.5636928,28.4088617],[-16.5637389,28.4089404]]}},{"type":"Feature","id":"way/390124817","properties":{"access":"private","comment":"Access only to park staff","highway":"service","service":"driveway","id":"way/390124817"},"geometry":{"type":"LineString","coordinates":[[-16.564388,28.4088642],[-16.56444,28.4087965],[-16.564462,28.4087095]]}},{"type":"Feature","id":"way/390128635","properties":{"highway":"footway","id":"way/390128635"},"geometry":{"type":"LineString","coordinates":[[-16.5642643,28.4088986],[-16.5641672,28.4089355]]}},{"type":"Feature","id":"way/390128636","properties":{"highway":"footway","id":"way/390128636"},"geometry":{"type":"LineString","coordinates":[[-16.5643232,28.4090052],[-16.5642643,28.4088986],[-16.5643488,28.4088608],[-16.5643371,28.4088382]]}},{"type":"Feature","id":"way/390128637","properties":{"handrail":"yes","highway":"steps","id":"way/390128637"},"geometry":{"type":"LineString","coordinates":[[-16.5641127,28.4087063],[-16.5641868,28.4086733],[-16.5642103,28.4086643]]}},{"type":"Feature","id":"way/390128750","properties":{"highway":"footway","id":"way/390128750"},"geometry":{"type":"LineString","coordinates":[[-16.5641127,28.4087063],[-16.5641082,28.4086958]]}},{"type":"Feature","id":"way/390887203","properties":{"highway":"steps","id":"way/390887203"},"geometry":{"type":"LineString","coordinates":[[-16.5641802,28.4101802],[-16.5641609,28.4102215]]}},{"type":"Feature","id":"way/390889940","properties":{"highway":"footway","id":"way/390889940"},"geometry":{"type":"LineString","coordinates":[[-16.565659,28.407707],[-16.5656085,28.4076561],[-16.5655982,28.407628],[-16.565608,28.4075469],[-16.5656079,28.4074692],[-16.5655894,28.4074023],[-16.5655542,28.407389],[-16.5655183,28.4073975],[-16.5654731,28.4074181],[-16.5654439,28.4074052],[-16.5654192,28.407397],[-16.5653738,28.4073954],[-16.5653162,28.4074049],[-16.5652816,28.4074196],[-16.5652488,28.4074503],[-16.5652199,28.4074733],[-16.5651035,28.4074524],[-16.5649483,28.4074734],[-16.5648664,28.4075728],[-16.5647653,28.4076661],[-16.5645299,28.4077662],[-16.5644299,28.4078887],[-16.5644684,28.4080848],[-16.5644511,28.4082365],[-16.5644638,28.4083255],[-16.5644129,28.4084358],[-16.564462,28.4087095],[-16.5645355,28.4087063]]}},{"type":"Feature","id":"way/390891259","properties":{"highway":"footway","id":"way/390891259"},"geometry":{"type":"LineString","coordinates":[[-16.5635386,28.4098396],[-16.5634259,28.409853]]}},{"type":"Feature","id":"way/547493229","properties":{"highway":"service","layer":"-1","oneway":"yes","tunnel":"yes","id":"way/547493229"},"geometry":{"type":"LineString","coordinates":[[-16.5670529,28.4084671],[-16.5664594,28.4086597]]}},{"type":"Feature","id":"way/547493230","properties":{"highway":"service","oneway":"yes","service":"driveway","surface":"asphalt","id":"way/547493230"},"geometry":{"type":"LineString","coordinates":[[-16.5670844,28.4087047],[-16.5671226,28.4086452],[-16.5671173,28.4086228],[-16.5670529,28.4084671]]}},{"type":"Feature","id":"way/571072640","properties":{"highway":"service","service":"parking_aisle","surface":"asphalt","id":"way/571072640"},"geometry":{"type":"LineString","coordinates":[[-16.5662865,28.4090039],[-16.566115,28.4085208]]}},{"type":"Feature","id":"way/571072641","properties":{"highway":"service","lanes":"1","oneway":"yes","service":"driveway","surface":"asphalt","id":"way/571072641"},"geometry":{"type":"LineString","coordinates":[[-16.5662865,28.4090039],[-16.5662588,28.4090413],[-16.5662867,28.40911],[-16.5662971,28.4091335],[-16.5663423,28.4092154]]}},{"type":"Feature","id":"way/616187707","properties":{"access":"private","highway":"service","service":"driveway","id":"way/616187707"},"geometry":{"type":"LineString","coordinates":[[-16.5639893,28.4095389],[-16.5639464,28.4095976],[-16.5639558,28.4096817],[-16.5640034,28.4098229],[-16.5640348,28.4098363]]}},{"type":"Feature","id":"way/616625409","properties":{"highway":"footway","lit":"yes","surface":"concrete","id":"way/616625409"},"geometry":{"type":"LineString","coordinates":[[-16.5634507,28.4089495],[-16.5634349,28.4089459]]}},{"type":"Feature","id":"way/616625410","properties":{"handrail":"yes","highway":"steps","id":"way/616625410"},"geometry":{"type":"LineString","coordinates":[[-16.564307,28.4088502],[-16.5642955,28.4088798],[-16.5642248,28.4089078]]}},{"type":"Feature","id":"way/1113323152","properties":{"highway":"footway","tunnel":"yes","id":"way/1113323152"},"geometry":{"type":"LineString","coordinates":[[-16.5656363,28.4081037],[-16.5655342,28.4081324]]}},{"type":"Feature","id":"way/1113323154","properties":{"highway":"footway","id":"way/1113323154"},"geometry":{"type":"LineString","coordinates":[[-16.5658688,28.4080066],[-16.5657353,28.4080501],[-16.565746,28.4080696],[-16.5656363,28.4081037]]}},{"type":"Feature","id":"way/1113323155","properties":{"highway":"footway","id":"way/1113323155"},"geometry":{"type":"LineString","coordinates":[[-16.5664605,28.4090592],[-16.5664475,28.4090301],[-16.5664286,28.4089667],[-16.5664411,28.4089248],[-16.5664487,28.4088764],[-16.5663113,28.40846],[-16.5662965,28.4084288],[-16.5662429,28.4084028],[-16.5662114,28.4083792],[-16.5661819,28.4083397],[-16.5661597,28.4083161],[-16.5661363,28.4083014],[-16.5661101,28.4082919],[-16.566049,28.4082644]]}},{"type":"Feature","id":"way/1113323156","properties":{"highway":"footway","id":"way/1113323156"},"geometry":{"type":"LineString","coordinates":[[-16.5660085,28.4083481],[-16.5659778,28.4082858],[-16.5659671,28.4082505]]}},{"type":"Feature","id":"way/1113323158","properties":{"highway":"service","oneway":"yes","service":"driveway","source":"GRAFCAN OrtoExpress Urbana 2009","surface":"asphalt","id":"way/1113323158"},"geometry":{"type":"LineString","coordinates":[[-16.5665866,28.408876],[-16.5670844,28.4087047]]}},{"type":"Feature","id":"way/1198011292","properties":{"highway":"footway","oneway":"yes","id":"way/1198011292"},"geometry":{"type":"LineString","coordinates":[[-16.5650048,28.4072273],[-16.5649926,28.4072345]]}},{"type":"Feature","id":"way/1198011293","properties":{"highway":"footway","id":"way/1198011293"},"geometry":{"type":"LineString","coordinates":[[-16.5651035,28.4074524],[-16.5650877,28.4073826],[-16.5650776,28.4073378]]}},{"type":"Feature","id":"way/1198011294","properties":{"highway":"footway","id":"way/1198011294"},"geometry":{"type":"LineString","coordinates":[[-16.5650048,28.4072273],[-16.5650191,28.4072233]]}},{"type":"Feature","id":"way/1198011296","properties":{"bridge":"yes","highway":"footway","layer":"1","id":"way/1198011296"},"geometry":{"type":"LineString","coordinates":[[-16.5640097,28.4080647],[-16.5640965,28.4080286]]}},{"type":"Feature","id":"way/1198011297","properties":{"highway":"footway","id":"way/1198011297"},"geometry":{"type":"LineString","coordinates":[[-16.5640097,28.4080647],[-16.563936,28.4080977],[-16.5638878,28.4081084],[-16.5638403,28.4080965]]}},{"type":"Feature","id":"way/1198011298","properties":{"highway":"footway","id":"way/1198011298"},"geometry":{"type":"LineString","coordinates":[[-16.5638403,28.4080965],[-16.5637634,28.4082019],[-16.5637492,28.4082729]]}},{"type":"Feature","id":"way/1198011299","properties":{"highway":"footway","id":"way/1198011299"},"geometry":{"type":"LineString","coordinates":[[-16.5637938,28.408451],[-16.5638268,28.4084869]]}},{"type":"Feature","id":"way/1198011300","properties":{"highway":"footway","id":"way/1198011300"},"geometry":{"type":"LineString","coordinates":[[-16.5642393,28.408652],[-16.5642348,28.4086438],[-16.5641082,28.4086958],[-16.5640939,28.4087017]]}},{"type":"Feature","id":"way/1198011301","properties":{"highway":"footway","layer":"-1","tunnel":"building_passage","id":"way/1198011301"},"geometry":{"type":"LineString","coordinates":[[-16.5643371,28.4088382],[-16.5642393,28.408652]]}},{"type":"Feature","id":"way/1198011303","properties":{"highway":"footway","oneway":"yes","id":"way/1198011303"},"geometry":{"type":"LineString","coordinates":[[-16.5631554,28.4088985],[-16.5631779,28.4089792],[-16.5631792,28.4089936],[-16.5631698,28.4090002],[-16.5631542,28.4089949]]}},{"type":"Feature","id":"way/1198011304","properties":{"highway":"footway","oneway":"yes","id":"way/1198011304"},"geometry":{"type":"LineString","coordinates":[[-16.5630669,28.4088998],[-16.5630502,28.408852],[-16.5630623,28.4088394],[-16.5630876,28.4088327],[-16.5631118,28.4088436],[-16.5631554,28.4088985]]}},{"type":"Feature","id":"way/1198011305","properties":{"highway":"footway","id":"way/1198011305"},"geometry":{"type":"LineString","coordinates":[[-16.5631789,28.4088665],[-16.5631554,28.4088985]]}},{"type":"Feature","id":"way/1230259261","properties":{"highway":"footway","id":"way/1230259261"},"geometry":{"type":"LineString","coordinates":[[-16.5650626,28.4087429],[-16.565048,28.4087545],[-16.5650158,28.4087751],[-16.5649495,28.4087911],[-16.5649059,28.4087539],[-16.5648707,28.4087019]]}},{"type":"Feature","id":"way/1230259262","properties":{"covered":"yes","highway":"footway","id":"way/1230259262"},"geometry":{"type":"LineString","coordinates":[[-16.5653137,28.4086705],[-16.5651732,28.4087114],[-16.5651493,28.408718],[-16.5650626,28.4087429]]}},{"type":"Feature","id":"way/1230817619","properties":{"covered":"yes","highway":"footway","lit":"yes","surface":"concrete","id":"way/1230817619"},"geometry":{"type":"LineString","coordinates":[[-16.565935,28.4081738],[-16.5658741,28.4080202]]}},{"type":"Feature","id":"way/1317554810","properties":{"highway":"footway","lit":"yes","surface":"concrete","tunnel":"building_passage","id":"way/1317554810"},"geometry":{"type":"LineString","coordinates":[[-16.5628738,28.4085758],[-16.562835,28.4084468],[-16.5627808,28.4082615]]}},{"type":"Feature","id":"way/1317554811","properties":{"highway":"footway","lit":"yes","surface":"concrete","id":"way/1317554811"},"geometry":{"type":"LineString","coordinates":[[-16.5634247,28.4090275],[-16.5632395,28.4089576],[-16.5631789,28.4088665],[-16.5630263,28.4087105],[-16.5628911,28.4086143],[-16.5628738,28.4085758]]}},{"type":"Feature","id":"node/268100176","properties":{"name":"Pueblo Thai","name:es":"Pueblo Thai","name:ru":"Тайская деревня","tourism":"attraction","id":"node/268100176"},"geometry":{"type":"Point","coordinates":[-16.5658882,28.4081678]}},{"type":"Feature","id":"node/347312075","properties":{"image":"https://photos.app.goo.gl/hQFcmGrHXCfZdq538","name":"Gorilas","name:de":"Gorillas","name:en":"Gorillas","name:es":"Gorilas","name:fr":"Gorilles","name:ru":"Гориллы","tourism":"attraction","wheelchair":"yes","id":"node/347312075"},"geometry":{"type":"Point","coordinates":[-16.5652996,28.4072206]}},{"type":"Feature","id":"node/347312287","properties":{"image":"https://photos.app.goo.gl/bYYwShEqfUHxZmCX9","name":"Planet Penguin","opening_hours":"Feb: 08:30-18:00","tourism":"attraction","url":"https://youtu.be/sOPlzyUqNHI","wheelchair":"yes","id":"node/347312287"},"geometry":{"type":"Point","coordinates":[-16.5647864,28.40735]}},{"type":"Feature","id":"node/347312606","properties":{"image":"https://photos.app.goo.gl/vXZrX5TuhyGxev7s6","name":"Leones Marinos Show","name:en":"Sea Lions","name:fr":"Lions de mer","opening_hours":"11/2024: 09:45; 10:45; 13:45; 14:45; ","tourism":"attraction","url":"https://youtu.be/ftXCDlHm_Bs?si=NEpZcW46AV4Q7VIE","wheelchair":"yes","id":"node/347312606"},"geometry":{"type":"Point","coordinates":[-16.5647786,28.4078895]}},{"type":"Feature","id":"node/347312713","properties":{"name":"Isla de los Tigres","name:en":"Tigers Island","name:fr":"L'ile aux tigres","name:ru":"Остров Тигров","tourism":"attraction","wheelchair":"yes","id":"node/347312713"},"geometry":{"type":"Point","coordinates":[-16.563892,28.4083757]}},{"type":"Feature","id":"node/347312920","properties":{"amenity":"parking","name":"Loro park parking","operator":"zzz","wheelchair":"yes","id":"node/347312920"},"geometry":{"type":"Point","coordinates":[-16.5657615,28.4086046]}},{"type":"Feature","id":"node/667357972","properties":{"image":"https://photos.app.goo.gl/xA5vrVZG6ThcSm2E9","name":"Katandra Treetops","opening_hours":"Mo-Su 09:30-17:30","tourism":"attraction","wheelchair":"limited","id":"node/667357972"},"geometry":{"type":"Point","coordinates":[-16.5646192,28.4098673]}},{"type":"Feature","id":"node/2060258491","properties":{"amenity":"marketplace","name":"Mercado Gambiano","name:en":"Gambian Market","name:fr":"Marché Gambian","opening_hours":"Mo-Su 09:30-17:30","id":"node/2060258491"},"geometry":{"type":"Point","coordinates":[-16.5642266,28.4089533]}},{"type":"Feature","id":"node/2652526672","properties":{"amenity":"toilets","check_date":"2021-10-26","fee":"no","opening_hours":"Mo-Su 09:30-17:30","wheelchair":"yes","id":"node/2652526672"},"geometry":{"type":"Point","coordinates":[-16.5637507,28.4081078]}},{"type":"Feature","id":"node/2652526870","properties":{"image":"https://photos.app.goo.gl/GTp1jstKywydEpSK7","name":"Orca Ocean Show","name:fr":"Spectacle Orca Ocean","opening_hours":"05/2022: 11:45; 15:15","tourism":"attraction","url":"https://youtu.be/LItH2udboZg?si=zyawmL3N_B0x3XtJ","wheelchair":"yes","wheelchair:description":"Plätze für Kinderwagen und Rollstühle direkt vor der Showfläche reserviert.","id":"node/2652526870"},"geometry":{"type":"Point","coordinates":[-16.5633806,28.4078269]}},{"type":"Feature","id":"node/2652526871","properties":{"amenity":"restaurant","cuisine":"pizza","name":"Loritali","opening_hours":"Mo-Su 09:30-17:30","id":"node/2652526871"},"geometry":{"type":"Point","coordinates":[-16.5645105,28.408555]}},{"type":"Feature","id":"node/2652526872","properties":{"amenity":"toilets","opening_hours":"Mo-Su 09:30-17:30","id":"node/2652526872"},"geometry":{"type":"Point","coordinates":[-16.5646028,28.4089408]}},{"type":"Feature","id":"node/2652526873","properties":{"amenity":"toilets","fee":"no","layer":"-1","wheelchair":"yes","id":"node/2652526873"},"geometry":{"type":"Point","coordinates":[-16.5643895,28.4102391]}},{"type":"Feature","id":"node/2652526874","properties":{"amenity":"toilets","fee":"no","opening_hours":"Mo-Su 09:30-17:30","wheelchair":"yes","id":"node/2652526874"},"geometry":{"type":"Point","coordinates":[-16.5636807,28.4090697]}},{"type":"Feature","id":"node/2652526875","properties":{"image":"https://photos.app.goo.gl/3cv8fWHJwg2aTXcS7","layer":"1","name":"Loro Show","tourism":"attraction","url":"https://youtu.be/v_LO-5iCBOk?si=FfqZ1Vhl67lDR2Oh","wheelchair":"yes","id":"node/2652526875"},"geometry":{"type":"Point","coordinates":[-16.564103,28.4088361]}},{"type":"Feature","id":"node/2652526882","properties":{"tourism":"picnic_site","id":"node/2652526882"},"geometry":{"type":"Point","coordinates":[-16.5631818,28.409468]}},{"type":"Feature","id":"node/2652526883","properties":{"image":"https://photos.app.goo.gl/ATgHa5oQov3PqSog8","name":"Acuario","tourism":"attraction","url":"https://youtu.be/nSZzWZoTZtM?si=k5aJq9Ryry9AnAr-","wheelchair":"yes","id":"node/2652526883"},"geometry":{"type":"Point","coordinates":[-16.5652284,28.4082164]}},{"type":"Feature","id":"node/2652526891","properties":{"amenity":"bus_station","name":"Loro Parque Gratis Express","wheelchair":"yes","id":"node/2652526891"},"geometry":{"type":"Point","coordinates":[-16.5660462,28.4083712]}},{"type":"Feature","id":"node/2769228037","properties":{"entrance":"main","id":"node/2769228037"},"geometry":{"type":"Point","coordinates":[-16.5649926,28.4072345]}},{"type":"Feature","id":"node/2769244436","properties":{"amenity":"toilets","fee":"no","opening_hours":"Mo-Su 09:30-17:30","wheelchair":"yes","id":"node/2769244436"},"geometry":{"type":"Point","coordinates":[-16.5659506,28.4078668]}},{"type":"Feature","id":"node/3069963617","properties":{"access":"customers","entrance":"main","name":"Loro Parque","id":"node/3069963617"},"geometry":{"type":"Point","coordinates":[-16.5659445,28.4081978]}},{"type":"Feature","id":"node/3926060229","properties":{"barrier":"lift_gate","entrance":"main","id":"node/3926060229"},"geometry":{"type":"Point","coordinates":[-16.5663484,28.4090804]}},{"type":"Feature","id":"node/3926074074","properties":{"attraction":"animal","name":"Aligátor","name:en":"American Alligator","name:fr":"Alligator","tourism":"attraction","url":"https://photos.app.goo.gl/QizkhVM6w21cmgu78","wheelchair":"yes","id":"node/3926074074"},"geometry":{"type":"Point","coordinates":[-16.5648576,28.4088153]}},{"type":"Feature","id":"node/3926087610","properties":{"opening_hours":"Mo-Su 09:30-17:30","shop":"gift","id":"node/3926087610"},"geometry":{"type":"Point","coordinates":[-16.5653726,28.4085711]}},{"type":"Feature","id":"node/3926092654","properties":{"shop":"gift","id":"node/3926092654"},"geometry":{"type":"Point","coordinates":[-16.5657991,28.4081347]}},{"type":"Feature","id":"node/3926094834","properties":{"amenity":"cafe","name":"Café Bar Thai","id":"node/3926094834"},"geometry":{"type":"Point","coordinates":[-16.5657133,28.4081512]}},{"type":"Feature","id":"node/3926096560","properties":{"tourism":"information","id":"node/3926096560"},"geometry":{"type":"Point","coordinates":[-16.5659653,28.4079742]}},{"type":"Feature","id":"node/3926097588","properties":{"attraction":"animal","name":"Loro","name:en":"Parrots","tourism":"attraction","id":"node/3926097588"},"geometry":{"type":"Point","coordinates":[-16.5651521,28.4085925]}},{"type":"Feature","id":"node/3926099468","properties":{"amenity":"toilets","opening_hours":"Mo-Su 09:30-17:30","id":"node/3926099468"},"geometry":{"type":"Point","coordinates":[-16.5649259,28.408736]}},{"type":"Feature","id":"node/3926099469","properties":{"opening_hours":"Mo-Su 09:30-17:30","shop":"food","id":"node/3926099469"},"geometry":{"type":"Point","coordinates":[-16.5649259,28.4086536]}},{"type":"Feature","id":"node/3931047335","properties":{"attraction":"animal","name":"La Gruta","name:de":"Fledermaus-Grotte","name:en":"Bat grotto","name:fr":"Grotte aux chauve-souris","tourism":"attraction","id":"node/3931047335"},"geometry":{"type":"Point","coordinates":[-16.5642748,28.4087513]}},{"type":"Feature","id":"node/3931052397","properties":{"attraction":"animal","name":"Chimpances","name:en":"Chimpanzees","name:fr":"Chimpanzés","tourism":"attraction","id":"node/3931052397"},"geometry":{"type":"Point","coordinates":[-16.5643031,28.4082778]}},{"type":"Feature","id":"node/3931068945","properties":{"entrance":"emergency","id":"node/3931068945"},"geometry":{"type":"Point","coordinates":[-16.5635386,28.4098396]}},{"type":"Feature","id":"node/3931068951","properties":{"entrance":"main","id":"node/3931068951"},"geometry":{"type":"Point","coordinates":[-16.5637009,28.4096803]}},{"type":"Feature","id":"node/3931078345","properties":{"attraction":"animal","name":"Suricata","name:de":"Erdmännchen","name:en":"Meerkat","name:fr":"Suricates","tourism":"attraction","id":"node/3931078345"},"geometry":{"type":"Point","coordinates":[-16.5633661,28.4095542]}},{"type":"Feature","id":"node/3931078468","properties":{"attraction":"animal","name":"Lemur catta","name:de":"Kattas","name:en":"Ring-tailed lemur","name:fr":"Lémuriens à queue en anneaux","species:wikidata":"Q185385","species:wikipedia":"de:Katta","tourism":"attraction","id":"node/3931078468"},"geometry":{"type":"Point","coordinates":[-16.5631957,28.4095137]}},{"type":"Feature","id":"node/3931099460","properties":{"attraction":"animal","name":"Tiburón","name:en":"Shark","name:fr":"Requins","tourism":"attraction","id":"node/3931099460"},"geometry":{"type":"Point","coordinates":[-16.5653009,28.4082235]}},{"type":"Feature","id":"node/3931130505","properties":{"attraction":"animal","name":"Panda Rojo","name:de":"Rote Pandas","name:en":"Red Panda","name:es":"Panda Rojo","name:fr":"Pandas roux","tourism":"attraction","id":"node/3931130505"},"geometry":{"type":"Point","coordinates":[-16.5635132,28.4089513]}},{"type":"Feature","id":"node/3931147514","properties":{"amenity":"fast_food","cuisine":"american;burger;friture;hotdog","name":"Bamboo Bar","opening_hours":"Mo-Su 09:30-17:30","id":"node/3931147514"},"geometry":{"type":"Point","coordinates":[-16.5632825,28.4088982]}},{"type":"Feature","id":"node/3932868281","properties":{"opening_hours":"Mo-Su 09:30-17:30","shop":"food","id":"node/3932868281"},"geometry":{"type":"Point","coordinates":[-16.5645179,28.407745]}},{"type":"Feature","id":"node/3932878548","properties":{"amenity":"toilets","fee":"no","wheelchair":"yes","id":"node/3932878548"},"geometry":{"type":"Point","coordinates":[-16.564255,28.4087618]}},{"type":"Feature","id":"node/3932878549","properties":{"opening_hours":"Mo-Su 09:30-17:30","shop":"gift","id":"node/3932878549"},"geometry":{"type":"Point","coordinates":[-16.5647378,28.4074785]}},{"type":"Feature","id":"node/3932885297","properties":{"amenity":"restaurant","name":"La Choza de los Duques","opening_hours":"Mo-Su 09:30-17:30","id":"node/3932885297"},"geometry":{"type":"Point","coordinates":[-16.564542,28.4086628]}},{"type":"Feature","id":"node/3932887207","properties":{"amenity":"restaurant","name":"Cafe Vista Teide","opening_hours":"Mo-Su 09:30-17:30","id":"node/3932887207"},"geometry":{"type":"Point","coordinates":[-16.5643543,28.4076271]}},{"type":"Feature","id":"node/3932887578","properties":{"tourism":"picnic_site","id":"node/3932887578"},"geometry":{"type":"Point","coordinates":[-16.5642483,28.4076305]}},{"type":"Feature","id":"node/3932889450","properties":{"amenity":"toilets","opening_hours":"Mo-Su 09:30-17:30","id":"node/3932889450"},"geometry":{"type":"Point","coordinates":[-16.5640322,28.4076989]}},{"type":"Feature","id":"node/3932894558","properties":{"name":"Loro Parque Foundation","opening_hours":"Mo-Su 09:30-17:30","shop":"gift","id":"node/3932894558"},"geometry":{"type":"Point","coordinates":[-16.5644146,28.4086816]}},{"type":"Feature","id":"node/3932900418","properties":{"attraction":"animal","name":"Jaguares","name:de":"Jaguare","name:en":"Jaguar","name:fr":"Jaguars","tourism":"attraction","id":"node/3932900418"},"geometry":{"type":"Point","coordinates":[-16.5631727,28.4091546]}},{"type":"Feature","id":"node/3932906303","properties":{"entrance":"yes","id":"node/3932906303"},"geometry":{"type":"Point","coordinates":[-16.5642103,28.4086643]}},{"type":"Feature","id":"node/3932911530","properties":{"amenity":"restaurant","name":"El Puente","opening_hours":"Mo-Su 09:30-17:30","id":"node/3932911530"},"geometry":{"type":"Point","coordinates":[-16.5645151,28.4089705]}},{"type":"Feature","id":"node/3932945933","properties":{"name":"Orchidario","name:en":"Orchidarium","name:fr":"Orchidarium","tourism":"attraction","wheelchair":"yes","id":"node/3932945933"},"geometry":{"type":"Point","coordinates":[-16.5633806,28.4092384]}},{"type":"Feature","id":"node/3932954380","properties":{"attraction":"animal","name":"Carpas Koi","name:en":"Koi Carp","name:fr":"Carpes Koi","tourism":"attraction","id":"node/3932954380"},"geometry":{"type":"Point","coordinates":[-16.565848,28.407785]}},{"type":"Feature","id":"node/3940343260","properties":{"opening_hours":"Mo-Su 09:30-17:30","shop":"food","id":"node/3940343260"},"geometry":{"type":"Point","coordinates":[-16.5646602,28.4092012]}},{"type":"Feature","id":"node/3940343261","properties":{"opening_hours":"Mo-Su 09:30-17:30","shop":"food","id":"node/3940343261"},"geometry":{"type":"Point","coordinates":[-16.5637297,28.4089841]}},{"type":"Feature","id":"node/3940347557","properties":{"attraction":"animal","image":"https://photos.app.goo.gl/8kuAUQjS2WmH4kHe8","name":"Flamencos","name:de":"Flamingos","name:en":"Flamingos","name:fr":"Flamants roses","tourism":"attraction","id":"node/3940347557"},"geometry":{"type":"Point","coordinates":[-16.5636331,28.4093735]}},{"type":"Feature","id":"node/3940354035","properties":{"attraction":"animal","name":"Nutrias","name:de":"Otter","name:en":"Otters","name:fr":"Loutres","species:wikidata":"Q200184","species:wikipedia":"de:Otter","tourism":"attraction","id":"node/3940354035"},"geometry":{"type":"Point","coordinates":[-16.5637402,28.4087611]}},{"type":"Feature","id":"node/3940354788","properties":{"attraction":"animal","name":"Delfines","name:de":"Delfine","name:en":"Dolphins","name:fr":"Dauphins","opening_hours":"05/2022: 11:15; 13:00; 16:15","species:wikidata":"Q7369","species:wikipedia":"de:Delphine","tourism":"attraction","wheelchair":"yes","id":"node/3940354788"},"geometry":{"type":"Point","coordinates":[-16.5635473,28.4086634]}},{"type":"Feature","id":"node/3940355476","properties":{"attraction":"animal","name":"Perezosos","name:de":"Zweifinger-Faultiere","name:en":"Two Toed Sloths","name:fr":"Paresseux à deux doigts","tourism":"attraction","id":"node/3940355476"},"geometry":{"type":"Point","coordinates":[-16.5640918,28.407847]}},{"type":"Feature","id":"node/3940363713","properties":{"attraction":"animal","name":"Titi Emperador","name:en":"Emperor Marmosets","name:fr":"Ouistitis empereurs","tourism":"attraction","id":"node/3940363713"},"geometry":{"type":"Point","coordinates":[-16.5644056,28.4078564]}},{"type":"Feature","id":"node/3940371792","properties":{"attraction":"animal","name":"Tamandúa","name:en":"Anteaters","name:fr":"Fourmiliers","tourism":"attraction","id":"node/3940371792"},"geometry":{"type":"Point","coordinates":[-16.5643466,28.4080027]}},{"type":"Feature","id":"node/3940403262","properties":{"attraction":"animal","image":"https://photos.app.goo.gl/LqUCZrpzxDTwZUbh9","name":"Tortugas Gigantes","name:de":"Riesenschildkröten","name:en":"Giant tortoises","name:fr":"Tortues géantes","species:wikidata":"Q3981205","species:wikipedia":"en:Giant tortoise","tourism":"attraction","id":"node/3940403262"},"geometry":{"type":"Point","coordinates":[-16.5640502,28.4085453]}},{"type":"Feature","id":"node/3940427731","properties":{"amenity":"fountain","id":"node/3940427731"},"geometry":{"type":"Point","coordinates":[-16.5642043,28.4101519]}},{"type":"Feature","id":"node/4472369692","properties":{"name":"Loro Parque","name:es":"Loro Parque","tourism":"viewpoint","wheelchair":"yes","id":"node/4472369692"},"geometry":{"type":"Point","coordinates":[-16.5660876,28.4084125]}},{"type":"Feature","id":"node/5225422221","properties":{"amenity":"bench","id":"node/5225422221"},"geometry":{"type":"Point","coordinates":[-16.5652256,28.4074589]}},{"type":"Feature","id":"node/5229023294","properties":{"amenity":"waste_basket","id":"node/5229023294"},"geometry":{"type":"Point","coordinates":[-16.5642035,28.4072957]}},{"type":"Feature","id":"node/5229023295","properties":{"amenity":"waste_basket","id":"node/5229023295"},"geometry":{"type":"Point","coordinates":[-16.5638526,28.4073932]}},{"type":"Feature","id":"node/5229023296","properties":{"amenity":"waste_basket","id":"node/5229023296"},"geometry":{"type":"Point","coordinates":[-16.5634778,28.4074865]}},{"type":"Feature","id":"node/5229023297","properties":{"amenity":"waste_basket","id":"node/5229023297"},"geometry":{"type":"Point","coordinates":[-16.5631493,28.4075721]}},{"type":"Feature","id":"node/5489380309","properties":{"amenity":"parking_entrance","comment":"Exit of the underground parking","id":"node/5489380309"},"geometry":{"type":"Point","coordinates":[-16.5664677,28.4086826]}},{"type":"Feature","id":"node/5489380310","properties":{"barrier":"lift_gate","entrance":"main","id":"node/5489380310"},"geometry":{"type":"Point","coordinates":[-16.5662867,28.40911]}},{"type":"Feature","id":"node/5792885911","properties":{"amenity":"ice_cream","opening_hours":"Mo-Su 09:30-17:30","id":"node/5792885911"},"geometry":{"type":"Point","coordinates":[-16.56439,28.4089454]}},{"type":"Feature","id":"node/5792885912","properties":{"opening_hours":"Mo-Su 09:30-17:30","shop":"variety_store","id":"node/5792885912"},"geometry":{"type":"Point","coordinates":[-16.5642976,28.408907]}},{"type":"Feature","id":"node/5792885913","properties":{"name":"Mapa","name:fr":"Carte","tourism":"information","id":"node/5792885913"},"geometry":{"type":"Point","coordinates":[-16.5655524,28.4082685]}},{"type":"Feature","id":"node/5792885914","properties":{"amenity":"waste_basket","id":"node/5792885914"},"geometry":{"type":"Point","coordinates":[-16.5653672,28.4084146]}},{"type":"Feature","id":"node/5792885915","properties":{"amenity":"waste_basket","id":"node/5792885915"},"geometry":{"type":"Point","coordinates":[-16.5652119,28.4084596]}},{"type":"Feature","id":"node/5792885916","properties":{"amenity":"bench","backrest":"yes","id":"node/5792885916"},"geometry":{"type":"Point","coordinates":[-16.5645471,28.4094342]}},{"type":"Feature","id":"node/5792885917","properties":{"amenity":"waste_basket","id":"node/5792885917"},"geometry":{"type":"Point","coordinates":[-16.5645086,28.4094994]}},{"type":"Feature","id":"node/5792885918","properties":{"amenity":"waste_basket","id":"node/5792885918"},"geometry":{"type":"Point","coordinates":[-16.5643133,28.4097184]}},{"type":"Feature","id":"node/5792885919","properties":{"amenity":"waste_basket","id":"node/5792885919"},"geometry":{"type":"Point","coordinates":[-16.5644543,28.409974]}},{"type":"Feature","id":"node/5792885920","properties":{"attraction":"animal","image":"https://photos.app.goo.gl/ZaaowkwmmKNafvwo9","name":"Leones","name:de":"Löwen","name:en":"Lions","name:fr":"Lions","id":"node/5792885920"},"geometry":{"type":"Point","coordinates":[-16.5633524,28.4097521]}},{"type":"Feature","id":"node/5792885987","properties":{"opening_hours":"Mo-Su 09:30-17:30","shop":"variety_store","id":"node/5792885987"},"geometry":{"type":"Point","coordinates":[-16.5642407,28.4090217]}},{"type":"Feature","id":"node/5792885988","properties":{"name":"Magma","opening_hours":"Mo-Su 09:30-17:30","shop":"jewelry","id":"node/5792885988"},"geometry":{"type":"Point","coordinates":[-16.5642998,28.4090639]}},{"type":"Feature","id":"node/5792885989","properties":{"amenity":"bench","backrest":"yes","id":"node/5792885989"},"geometry":{"type":"Point","coordinates":[-16.5647929,28.4087164]}},{"type":"Feature","id":"node/5792885990","properties":{"amenity":"bench","backrest":"yes","id":"node/5792885990"},"geometry":{"type":"Point","coordinates":[-16.5652883,28.4084388]}},{"type":"Feature","id":"node/5792885991","properties":{"amenity":"bench","backrest":"yes","id":"node/5792885991"},"geometry":{"type":"Point","coordinates":[-16.5644638,28.40956]}},{"type":"Feature","id":"node/5792885992","properties":{"amenity":"waste_basket","id":"node/5792885992"},"geometry":{"type":"Point","coordinates":[-16.5644339,28.4079604]}},{"type":"Feature","id":"node/5792885993","properties":{"amenity":"waste_basket","id":"node/5792885993"},"geometry":{"type":"Point","coordinates":[-16.5653003,28.4074545]}},{"type":"Feature","id":"node/5792885994","properties":{"amenity":"waste_basket","id":"node/5792885994"},"geometry":{"type":"Point","coordinates":[-16.565539,28.4074771]}},{"type":"Feature","id":"node/5792885995","properties":{"amenity":"bench","backrest":"yes","id":"node/5792885995"},"geometry":{"type":"Point","coordinates":[-16.5655421,28.4075468]}},{"type":"Feature","id":"node/5792885996","properties":{"amenity":"bench","backrest":"yes","id":"node/5792885996"},"geometry":{"type":"Point","coordinates":[-16.5655378,28.4076239]}},{"type":"Feature","id":"node/5792885997","properties":{"amenity":"bench","backrest":"yes","id":"node/5792885997"},"geometry":{"type":"Point","coordinates":[-16.5657847,28.4081801]}},{"type":"Feature","id":"node/5792885998","properties":{"artwork_type":"statue","memorial":"bust","name":"Mahidol de Siam","tourism":"artwork","id":"node/5792885998"},"geometry":{"type":"Point","coordinates":[-16.5661149,28.4084871]}},{"type":"Feature","id":"node/5792885999","properties":{"amenity":"waste_basket","id":"node/5792885999"},"geometry":{"type":"Point","coordinates":[-16.5663012,28.4089465]}},{"type":"Feature","id":"node/5792886079","properties":{"opening_hours":"Mo-Su 09:30-17:30","shop":"variety_store","id":"node/5792886079"},"geometry":{"type":"Point","coordinates":[-16.5641475,28.4089793]}},{"type":"Feature","id":"node/5792886080","properties":{"amenity":"waste_basket","id":"node/5792886080"},"geometry":{"type":"Point","coordinates":[-16.5636021,28.4099322]}},{"type":"Feature","id":"node/5792886470","properties":{"amenity":"bench","backrest":"yes","id":"node/5792886470"},"geometry":{"type":"Point","coordinates":[-16.5647646,28.4087288]}},{"type":"Feature","id":"node/5792886471","properties":{"amenity":"waste_basket","id":"node/5792886471"},"geometry":{"type":"Point","coordinates":[-16.5639293,28.4090633]}},{"type":"Feature","id":"node/5792886654","properties":{"amenity":"waste_basket","id":"node/5792886654"},"geometry":{"type":"Point","coordinates":[-16.5642423,28.4078077]}},{"type":"Feature","id":"node/5792886655","properties":{"amenity":"waste_disposal","id":"node/5792886655"},"geometry":{"type":"Point","coordinates":[-16.5648564,28.4086763]}},{"type":"Feature","id":"node/5792888857","properties":{"amenity":"waste_basket","id":"node/5792888857"},"geometry":{"type":"Point","coordinates":[-16.5642969,28.4078396]}},{"type":"Feature","id":"node/5792888858","properties":{"name":"Sweet Obsession","opening_hours":"Mo-Su 09:30-17:30","shop":"confectionery","id":"node/5792888858"},"geometry":{"type":"Point","coordinates":[-16.5643554,28.4090108]}},{"type":"Feature","id":"node/5792895388","properties":{"amenity":"waste_basket","id":"node/5792895388"},"geometry":{"type":"Point","coordinates":[-16.5644316,28.4081535]}},{"type":"Feature","id":"node/5792895389","properties":{"amenity":"waste_basket","id":"node/5792895389"},"geometry":{"type":"Point","coordinates":[-16.5640362,28.4098798]}},{"type":"Feature","id":"node/5792895390","properties":{"information":"map","tourism":"information","id":"node/5792895390"},"geometry":{"type":"Point","coordinates":[-16.5638211,28.4088621]}},{"type":"Feature","id":"node/5792895391","properties":{"amenity":"bench","backrest":"yes","id":"node/5792895391"},"geometry":{"type":"Point","coordinates":[-16.5637783,28.4088483]}},{"type":"Feature","id":"node/5792895392","properties":{"amenity":"waste_basket","id":"node/5792895392"},"geometry":{"type":"Point","coordinates":[-16.564031,28.4084712]}},{"type":"Feature","id":"node/5792895582","properties":{"tourism":"viewpoint","id":"node/5792895582"},"geometry":{"type":"Point","coordinates":[-16.5635248,28.4099863]}},{"type":"Feature","id":"node/5792895583","properties":{"amenity":"waste_basket","id":"node/5792895583"},"geometry":{"type":"Point","coordinates":[-16.5637554,28.4101057]}},{"type":"Feature","id":"node/5792895689","properties":{"information":"map","name":"Mapa","tourism":"information","id":"node/5792895689"},"geometry":{"type":"Point","coordinates":[-16.5644873,28.4087945]}},{"type":"Feature","id":"node/5792895690","properties":{"amenity":"waste_basket","id":"node/5792895690"},"geometry":{"type":"Point","coordinates":[-16.5645402,28.4088269]}},{"type":"Feature","id":"node/5792895691","properties":{"tourism":"viewpoint","id":"node/5792895691"},"geometry":{"type":"Point","coordinates":[-16.5634482,28.4101162]}},{"type":"Feature","id":"node/5792895692","properties":{"amenity":"waste_basket","id":"node/5792895692"},"geometry":{"type":"Point","coordinates":[-16.5639668,28.4099841]}},{"type":"Feature","id":"node/5792895693","properties":{"amenity":"bench","backrest":"yes","id":"node/5792895693"},"geometry":{"type":"Point","coordinates":[-16.5637711,28.4096181]}},{"type":"Feature","id":"node/5792895694","properties":{"amenity":"bench","backrest":"yes","id":"node/5792895694"},"geometry":{"type":"Point","coordinates":[-16.5638295,28.4093387]}},{"type":"Feature","id":"node/5792895695","properties":{"amenity":"bench","backrest":"yes","id":"node/5792895695"},"geometry":{"type":"Point","coordinates":[-16.5638199,28.4092733]}},{"type":"Feature","id":"node/5792895696","properties":{"name":"Mapa","name:en":"Map","name:es":"Mapa","name:fr":"Cate","tourism":"information","id":"node/5792895696"},"geometry":{"type":"Point","coordinates":[-16.5638864,28.4091607]}},{"type":"Feature","id":"node/5792895697","properties":{"amenity":"waste_basket","id":"node/5792895697"},"geometry":{"type":"Point","coordinates":[-16.5634368,28.4089297]}},{"type":"Feature","id":"node/5792895763","properties":{"information":"map","tourism":"information","id":"node/5792895763"},"geometry":{"type":"Point","coordinates":[-16.5641184,28.4099181]}},{"type":"Feature","id":"node/5792895764","properties":{"information":"map","tourism":"information","id":"node/5792895764"},"geometry":{"type":"Point","coordinates":[-16.563857,28.4096658]}},{"type":"Feature","id":"node/5792895858","properties":{"information":"map","tourism":"information","id":"node/5792895858"},"geometry":{"type":"Point","coordinates":[-16.5644382,28.4080846]}},{"type":"Feature","id":"node/5792895859","properties":{"amenity":"waste_basket","id":"node/5792895859"},"geometry":{"type":"Point","coordinates":[-16.5642029,28.4102025]}},{"type":"Feature","id":"node/5792895860","properties":{"amenity":"bench","backrest":"yes","id":"node/5792895860"},"geometry":{"type":"Point","coordinates":[-16.5637802,28.4088971]}},{"type":"Feature","id":"node/5792896754","properties":{"amenity":"waste_basket","id":"node/5792896754"},"geometry":{"type":"Point","coordinates":[-16.5633545,28.4100471]}},{"type":"Feature","id":"node/5825993085","properties":{"tourism":"guestbook","id":"node/5825993085"},"geometry":{"type":"Point","coordinates":[-16.5658534,28.4080724]}},{"type":"Feature","id":"node/5829604140","properties":{"name":"Animal Embassy","opening_hours":"Mo-Su 09:30-17:30","tourism":"attraction","id":"node/5829604140"},"geometry":{"type":"Point","coordinates":[-16.5652367,28.4087187]}},{"type":"Feature","id":"node/5829604291","properties":{"entrance":"yes","id":"node/5829604291"},"geometry":{"type":"Point","coordinates":[-16.5634349,28.4089459]}},{"type":"Feature","id":"node/5829604294","properties":{"entrance":"yes","id":"node/5829604294"},"geometry":{"type":"Point","coordinates":[-16.564307,28.4088502]}},{"type":"Feature","id":"node/6442111293","properties":{"amenity":"theatre","name":"Orca Show","name:fr":"Spectacle d'orques","opening_hours":"Mo-Su 11:55-12:15,15:15-15:35","theatre:type":"amphi","id":"node/6442111293"},"geometry":{"type":"Point","coordinates":[-16.5634092,28.4076842]}},{"type":"Feature","id":"node/11114140315","properties":{"attraction":"animal","id":"node/11114140315"},"geometry":{"type":"Point","coordinates":[-16.5638385,28.4081813]}},{"type":"Feature","id":"node/11114140333","properties":{"name":"Lion's Kingdom","tourism":"attraction","id":"node/11114140333"},"geometry":{"type":"Point","coordinates":[-16.563357,28.4097101]}}]}